1478193190.056566,0140,8,00,00,00,00,10,29,2a,24,R
1478193190.056817,02c0,8,15,00,00,00,00,00,00,00,R
1478193190.057058,0350,8,05,20,44,68,77,00,00,7e,R
1478193190.057304,0370,8,00,20,00,00,00,00,00,00,R
1478193190.057542,043f,8,10,40,60,ff,78,c4,08,00,R
1478193190.057786,0440,8,ff,00,00,00,ff,c4,08,00,R
1478193190.063099,0316,8,05,21,68,09,21,21,00,70,R
1478193190.063328,018f,8,fe,50,00,00,00,3c,00,00,R
1478193190.063576,0002,8,00,00,00,00,00,06,0b,70,R
1478193190.063814,0153,8,00,21,10,ff,00,ff,00,00,R
1478193190.064042,0260,8,19,21,22,30,08,8e,6d,18,R
1478193190.064278,0130,8,fb,7f,00,ff,0e,80,0b,96,R
1478193190.064514,0131,8,09,80,00,00,47,7f,0b,88,R
1478193190.064756,0140,8,00,00,00,00,12,00,2b,59,R
1478193190.064990,02a0,8,20,00,95,1c,97,02,bd,00,R
1478193190.065225,0329,8,86,bb,7f,14,11,20,00,14,R
1478193190.065465,0545,8,d8,00,00,8a,00,00,00,00,R
1478193190.066482,043f,8,10,40,60,ff,78,c3,08,00,R
1478193190.066731,02c0,8,15,00,00,00,00,00,00,00,R
1478193190.066967,0350,8,05,20,54,68,77,00,00,6e,R
1478193190.067217,0370,8,00,20,00,00,00,00,00,00,R
1478193190.067463,0440,8,ff,00,00,00,ff,c3,08,00,R
1478193190.071059,04f0,8,00,00,00,80,00,67,d1,13,R
1478193190.073220,0316,8,05,21,68,09,21,21,00,70,R
1478193190.073464,018f,8,fe,50,00,00,00,3c,00,00,R
1478193190.073691,0260,8,19,21,22,30,08,8e,6d,29,R
1478193190.073927,02a0,8,40,00,95,1c,97,02,bd,00,R
1478193190.074160,0329,8,86,bb,7f,14,11,20,00,14,R
1478193190.074413,0430,8,00,00,00,00,00,00,00,00,R
1478193190.074662,04b1,8,00,00,00,00,00,00,00,00,R
1478193190.074910,01f1,8,08,00,00,00,00,00,00,00,R
1478193190.075148,0153,8,00,21,10,ff,00,ff,00,00,R
1478193190.075392,0002,8,00,00,00,00,00,07,0c,6f,R
1478193190.075632,0545,8,d8,00,00,8a,00,00,00,00,R
1478193190.076079,0130,8,03,80,00,ff,02,80,0c,bd,R
1478193190.076312,0131,8,1b,80,00,00,52,7f,0c,49,R
1478193190.076561,0140,8,00,00,00,00,02,20,2c,67,R
1478193190.076811,02c0,8,15,00,00,00,00,00,00,00,R
1478193190.077045,0350,8,05,20,64,68,77,00,00,5e,R
1478193190.077295,0370,8,00,20,00,00,00,00,00,00,R
1478193190.077537,043f,8,10,40,60,ff,78,c2,08,00,R
1478193190.077784,0440,8,ff,00,00,00,ff,c2,08,00,R
1478193190.083101,0316,8,05,21,70,09,21,21,00,70,R
1478193190.083336,018f,8,fe,50,00,00,00,3c,00,00,R
1478193190.083579,0002,8,00,00,00,00,00,07,0d,72,R
1478193190.083817,0153,8,00,21,10,ff,00,ff,00,00,R
1478193190.084047,0260,8,19,21,21,30,08,8e,6c,3c,R
1478193190.084287,0130,8,07,80,00,ff,0f,80,0d,4c,R
1478193190.084521,0131,8,12,80,00,00,58,7f,0d,d4,R
1478193190.084765,0140,8,00,00,00,00,04,00,2d,0a,R
1478193190.084998,02a0,8,60,00,95,1c,97,02,bd,00,R
1478193190.085232,0329,8,86,bb,7f,14,11,20,00,14,R
1478193190.085470,0545,8,d8,5f,00,8c,00,00,00,00,R
1478193190.085608,05f0,2,01,00,R,,,,,,
1478193190.086495,02c0,8,15,00,00,00,00,00,00,00,R
1478193190.086745,0370,8,00,20,00,00,00,00,00,00,R
1478193190.086979,0350,8,05,20,74,68,77,00,00,4e,R
1478193190.087221,043f,8,10,40,60,ff,78,c2,08,00,R
1478193190.087467,0440,8,ff,00,00,00,ff,c2,08,00,R
1478193190.091066,04f0,8,00,00,00,80,00,67,d1,13,R
1478193190.093078,0316,8,05,21,70,09,21,21,00,70,R
1478193190.093320,018f,8,fe,50,00,00,00,3c,00,00,R
1478193190.093553,0260,8,19,21,21,30,08,8e,6c,09,R
1478193190.093790,02a0,8,00,00,95,1c,97,02,bd,00,R
1478193190.094024,0329,8,86,bb,7f,14,11,20,00,14,R
1478193190.094278,0430,8,00,00,00,00,00,00,00,00,R
1478193190.094526,04b1,8,00,00,00,00,00,00,00,00,R
1478193190.094775,01f1,8,08,00,00,00,00,00,00,00,R
1478193190.095013,0153,8,00,21,10,ff,00,ff,00,00,R
1478193190.095259,0002,8,00,00,00,00,00,08,0e,f6,R
1478193190.095501,0545,8,d8,00,00,8b,00,00,00,00,R
1478193190.096080,0130,8,09,80,00,ff,2c,80,0e,d6,R
1478193190.096314,0131,8,05,80,00,00,4f,7f,0e,56,R
1478193190.096556,0140,8,00,00,00,00,02,12,2e,04,R
1478193190.096809,02c0,8,15,00,00,00,00,00,00,00,R
1478193190.097042,0350,8,05,20,84,68,77,00,00,be,R
1478193190.097293,0370,8,00,20,00,00,00,00,00,00,R
1478193190.097537,043f,8,10,40,60,ff,78,c2,08,00,R
1478193190.097781,0440,8,ff,00,00,00,ff,c2,08,00,R
1478193190.103060,0316,8,05,21,70,09,21,21,00,70,R
1478193190.103301,018f,8,fe,50,00,00,00,3c,00,00,R
1478193190.103532,0260,8,19,21,21,30,08,8e,6c,1a,R
1478193190.103780,0002,8,00,00,00,00,00,08,0f,eb,R
1478193190.104018,0153,8,00,21,10,ff,00,ff,00,00,R
1478193190.104258,0130,8,07,80,00,ff,26,80,0f,c5,R
1478193190.104496,0131,8,f7,7f,00,00,3e,7f,0f,96,R
1478193190.104744,0140,8,00,00,00,00,04,0f,2f,93,R
1478193190.104978,02a0,8,20,00,95,1c,97,02,bd,00,R
1478193190.105211,0329,8,dc,bb,7f,14,11,20,00,14,R
1478193190.105451,0545,8,d8,00,00,8a,00,00,00,00,R
1478193190.106471,02c0,8,15,00,00,00,00,00,00,00,R
1478193190.106722,0370,8,00,20,00,00,00,00,00,00,R
1478193190.106960,0350,8,05,20,94,68,77,00,00,ae,R
1478193190.107202,043f,8,10,40,60,ff,78,c3,08,00,R
1478193190.107445,0440,8,ff,00,00,00,ff,c3,08,00,R
1478193190.111184,04f0,8,00,00,00,80,00,67,d1,13,R
1478193190.113161,0316,8,05,21,70,09,21,21,00,70,R
1478193190.113406,018f,8,fe,50,00,00,00,3c,00,00,R
1478193190.113633,0260,8,19,21,21,30,08,8e,6c,2b,R
1478193190.113866,02a0,8,40,00,95,1c,97,02,bd,00,R
1478193190.114097,0329,8,dc,bb,7f,14,11,20,00,14,R
1478193190.114351,0430,8,00,00,00,00,00,00,00,00,R
1478193190.114600,04b1,8,00,00,00,00,00,00,00,00,R
1478193190.114848,01f1,8,08,00,00,00,00,00,00,00,R
1478193190.115086,0153,8,00,21,10,ff,00,ff,00,00,R
1478193190.115336,0002,8,00,00,00,00,00,08,00,50,R
1478193190.115576,0545,8,d8,00,00,8a,00,00,00,00,R
1478193190.116092,0130,8,02,80,00,ff,fa,7f,00,b9,R
1478193190.116327,0131,8,f2,7f,00,00,1a,7f,00,2f,R
1478193190.116571,0140,8,00,00,00,00,06,02,20,10,R
1478193190.116820,02c0,8,15,00,00,00,00,00,00,00,R
1478193190.117055,0350,8,05,20,a4,68,77,00,00,9e,R
1478193190.117305,0370,8,00,20,00,00,00,00,00,00,R
1478193190.117546,043f,8,10,40,60,ff,78,c4,08,00,R
1478193190.117792,0440,8,ff,00,00,00,ff,c4,08,00,R
1478193190.120008,00a0,8,5c,84,70,09,00,1f,02,00,R
1478193190.120247,00a1,8,85,87,00,00,24,00,00,00,R
1478193190.123091,0316,8,05,21,70,09,21,21,00,70,R
1478193190.123327,018f,8,fe,50,00,00,00,3c,00,00,R
1478193190.123558,0260,8,19,21,21,30,08,8e,6b,3d,R
1478193190.123810,0002,8,00,00,00,00,00,08,01,4d,R
1478193190.124047,0153,8,00,21,10,ff,00,ff,00,00,R
1478193190.124279,02a0,8,60,00,95,1c,97,02,bd,00,R
1478193190.124512,0329,8,dc,bb,7f,14,11,20,00,14,R
1478193190.124753,0545,8,d8,00,00,8b,00,00,00,00,R
1478193190.125091,0130,8,01,80,00,ff,ec,7f,01,5e,R
1478193190.125329,0131,8,fb,7f,00,00,0b,7f,01,2a,R
1478193190.125573,0140,8,00,00,00,00,08,05,21,fd,R
1478193190.126272,02c0,8,15,00,00,00,00,00,00,00,R
1478193190.126536,043f,8,10,40,60,ff,78,c2,08,00,R
1478193190.126786,0370,8,00,20,00,00,00,00,00,00,R
1478193190.127022,0350,8,05,20,b4,68,77,00,00,8e,R
1478193190.127271,0440,8,ff,00,00,00,ff,c2,08,00,R
1478193190.131018,04f0,8,00,00,00,80,00,67,d1,13,R
1478193190.133059,0316,8,05,21,6c,09,21,21,00,70,R
1478193190.133303,018f,8,fe,50,00,00,00,3c,00,00,R
1478193190.133531,0260,8,19,21,21,30,08,8e,6b,0a,R
1478193190.133767,02a0,8,00,00,95,1c,97,02,bd,00,R
1478193190.133999,0329,8,dc,bb,7f,14,11,20,00,14,R
1478193190.134253,0430,8,00,00,00,00,00,00,00,00,R
1478193190.134501,04b1,8,00,00,00,00,00,00,00,00,R
1478193190.134750,01f1,8,08,00,00,00,00,00,00,00,R
1478193190.134988,0153,8,00,21,10,ff,00,ff,00,00,R
1478193190.135234,0002,8,00,00,00,00,00,08,02,6a,R
1478193190.135472,0545,8,d8,5f,00,8b,00,00,00,00,R
1478193190.135608,05f0,2,01,00,R,,,,,,
1478193190.136079,0130,8,06,80,00,ff,0e,80,02,25,R
1478193190.136319,0131,8,12,80,00,00,19,7f,02,80,R
1478193190.136558,0140,8,00,00,00,00,0a,12,22,94,R
1478193190.136809,02c0,8,15,00,00,00,00,00,00,00,R
1478193190.137047,0350,8,05,20,c4,68,77,00,00,fe,R
1478193190.137297,0370,8,00,20,00,00,00,00,00,00,R
1478193190.137539,043f,8,10,40,60,ff,78,c0,08,00,R
1478193190.137787,0440,8,ff,00,00,00,ff,c0,08,00,R
1478193190.140424,0690,8,00,00,00,00,a0,02,00,00,R
1478193190.143034,0316,8,05,21,6c,09,21,21,00,70,R
1478193190.143266,018f,8,fe,50,00,00,00,3c,00,00,R
1478193190.143493,0260,8,19,21,21,30,08,8e,6b,1b,R
1478193190.143739,0002,8,00,00,00,00,00,08,03,77,R
1478193190.143977,0153,8,00,21,10,ff,00,ff,00,00,R
1478193190.144216,0130,8,0b,80,00,ff,35,80,03,76,R
1478193190.144456,0131,8,1b,80,00,00,2d,7f,03,3c,R
1478193190.144696,0140,8,00,00,00,00,0c,14,23,39,R
1478193190.144930,02a0,8,20,00,95,1c,97,02,bd,00,R
1478193190.145162,0329,8,dc,bb,7f,14,11,20,00,14,R
1478193190.145404,0545,8,d8,00,00,8b,00,00,00,00,R
1478193190.146257,02c0,8,15,00,00,00,00,00,00,00,R
1478193190.146499,043f,8,10,40,60,ff,78,c2,08,00,R
1478193190.146749,0370,8,00,20,00,00,00,00,00,00,R
1478193190.146987,0350,8,05,20,d4,68,77,00,00,ee,R
1478193190.147234,0440,8,ff,00,00,00,ff,c2,08,00,R
1478193190.151049,04f0,8,00,00,00,80,00,67,d1,13,R
1478193190.153155,0316,8,05,21,6c,09,21,21,00,70,R
1478193190.153397,018f,8,fe,50,00,00,00,3c,00,00,R
1478193190.153624,0260,8,19,21,21,30,08,8e,6c,2b,R
1478193190.153857,02a0,8,40,00,95,1c,97,02,bd,00,R
1478193190.154095,0329,8,dc,bb,7f,14,11,20,00,14,R
1478193190.154344,0430,8,00,00,00,00,00,00,00,00,R
1478193190.154592,04b1,8,00,00,00,00,00,00,00,00,R
1478193190.154841,01f1,8,08,00,00,00,00,00,00,00,R
1478193190.155077,0153,8,00,21,10,ff,00,ff,00,00,R
1478193190.155328,0002,8,00,00,00,00,00,08,04,24,R
1478193190.155567,0545,8,d8,00,00,8c,00,00,00,00,R
1478193190.156083,0130,8,10,80,00,ff,43,80,04,e4,R
1478193190.156320,0131,8,0e,80,00,00,40,7f,04,37,R
1478193190.156560,0140,8,00,00,00,00,0e,33,24,e5,R
1478193190.156810,02c0,8,15,00,00,00,00,00,00,00,R
1478193190.157045,0350,8,05,20,e4,68,77,00,00,de,R
1478193190.157294,0370,8,00,20,00,00,00,00,00,00,R
1478193190.157535,043f,8,10,40,60,ff,78,c5,08,00,R
1478193190.157779,0440,8,ff,00,00,00,ff,c5,08,00,R
1478193190.163036,0316,8,05,21,6c,09,21,21,00,70,R
1478193190.163278,018f,8,fe,50,00,00,00,3c,00,00,R
1478193190.163508,0260,8,19,21,21,30,08,8e,6b,3d,R
1478193190.163754,0002,8,00,00,00,00,00,08,05,39,R
1478193190.163993,0153,8,00,21,10,ff,00,ff,00,00,R
1478193190.164233,0130,8,0d,80,00,ff,28,80,05,76,R
1478193190.164469,0131,8,f2,7f,00,00,4a,7f,05,3e,R
1478193190.164711,0140,8,00,00,00,00,10,02,25,64,R
1478193190.164942,02a0,8,60,00,95,1c,97,02,bd,00,R
1478193190.165174,0329,8,dc,bb,7f,14,11,20,00,14,R
1478193190.165414,0545,8,d8,00,00,8a,00,00,00,00,R
1478193190.166242,02c0,8,15,00,00,00,00,00,00,00,R
1478193190.166544,043f,8,10,40,60,ff,78,c4,08,00,R
1478193190.166794,0370,8,00,20,00,00,00,00,00,00,R
1478193190.167030,0350,8,05,20,f4,68,77,00,00,ce,R
1478193190.167274,0440,8,ff,00,00,00,ff,c4,08,00,R
1478193190.171214,04f0,8,00,00,00,80,00,67,d1,13,R
1478193190.172994,0316,8,05,21,6c,09,21,21,00,70,R
1478193190.173237,018f,8,fe,50,00,00,00,3c,00,00,R
1478193190.173466,0260,8,19,21,21,30,08,8e,6b,0a,R
1478193190.173702,02a0,8,00,00,95,1c,97,02,bd,00,R
1478193190.173934,0329,8,dc,bb,7f,14,11,20,00,14,R
1478193190.174188,0430,8,00,00,00,00,00,00,00,00,R
1478193190.174436,04b1,8,00,00,00,00,00,00,00,00,R
1478193190.174685,01f1,8,08,00,00,00,00,00,00,00,R
1478193190.174923,0153,8,00,21,10,ff,00,ff,00,00,R
1478193190.175169,0002,8,00,00,00,00,00,08,06,1e,R
1478193190.175409,0545,8,d8,00,00,8a,00,00,00,00,R
1478193190.176090,0130,8,03,80,00,ff,06,80,06,69,R
1478193190.176329,0131,8,e0,7f,00,00,53,7f,06,81,R
1478193190.176573,0140,8,00,00,00,00,12,0f,26,7b,R
1478193190.176824,02c0,8,15,00,00,00,00,00,00,00,R
1478193190.177064,0350,8,05,20,04,68,77,00,00,3e,R
1478193190.177314,0370,8,00,20,00,00,00,00,00,00,R
1478193190.177554,043f,8,10,40,60,ff,78,c1,08,00,R
1478193190.177799,0440,8,ff,00,00,00,ff,c1,08,00,R
1478193190.183084,0316,8,05,21,70,09,21,21,00,70,R
1478193190.183325,018f,8,fe,50,00,00,00,3c,00,00,R
1478193190.183575,0002,8,00,00,00,00,00,08,07,03,R
1478193190.183812,0153,8,00,21,10,ff,00,ff,00,00,R
1478193190.184040,0260,8,19,21,21,30,08,8e,6b,1b,R
1478193190.184276,0130,8,ff,7f,00,ff,10,80,07,72,R
1478193190.184517,0131,8,e9,7f,00,00,52,7f,07,9c,R
1478193190.184758,0140,8,00,00,00,00,14,13,27,a0,R
1478193190.184992,02a0,8,20,00,95,1c,97,02,bd,00,R
1478193190.185227,0329,8,0c,bb,7f,14,11,20,00,14,R
1478193190.185465,0545,8,d8,5f,00,8b,00,00,00,00,R
1478193190.185604,05f0,2,01,00,R,,,,,,
1478193190.186226,02c0,8,15,00,00,00,00,00,00,00,R
1478193190.186543,043f,8,10,40,60,ff,78,c0,08,00,R
1478193190.186794,0370,8,00,20,00,00,00,00,00,00,R
1478193190.187029,0350,8,05,20,14,68,77,00,00,2e,R
1478193190.187276,0440,8,ff,00,00,00,ff,c0,08,00,R
1478193190.191031,04f0,8,00,00,00,80,00,67,d1,13,R
1478193190.193107,0316,8,05,21,70,09,21,21,00,70,R
1478193190.193350,018f,8,fe,50,00,00,00,3c,00,00,R
1478193190.193577,0260,8,19,21,21,30,08,8e,6c,2b,R
1478193190.193809,02a0,8,40,00,95,1c,97,02,bd,00,R
1478193190.194043,0329,8,0c,bb,7f,14,11,20,00,14,R
1478193190.194297,0430,8,00,00,00,00,00,00,00,00,R
1478193190.194546,04b1,8,00,00,00,00,00,00,00,00,R
1478193190.194794,01f1,8,08,00,00,00,00,00,00,00,R
1478193190.195032,0153,8,00,21,10,ff,00,ff,00,00,R
1478193190.195280,0002,8,00,00,00,00,00,08,08,b8,R
1478193190.195522,0545,8,d8,00,00,8b,00,00,00,00,R
1478193190.196077,0130,8,fe,7f,00,ff,3a,80,08,ab,R
1478193190.196318,0131,8,00,80,00,00,41,7f,08,25,R
1478193190.196561,0140,8,00,00,00,00,16,03,28,ac,R
1478193190.196811,02c0,8,15,00,00,00,00,00,00,00,R
1478193190.197045,0350,8,05,20,24,68,77,00,00,1e,R
1478193190.197295,0370,8,00,20,00,00,00,00,00,00,R
1478193190.197535,043f,8,10,40,60,ff,78,c1,08,00,R
1478193190.197780,0440,8,ff,00,00,00,ff,c1,08,00,R
1478193190.203005,0316,8,05,21,70,09,21,21,00,70,R
1478193190.203246,018f,8,fe,50,00,00,00,3c,00,00,R
1478193190.203473,0260,8,19,21,21,30,08,8e,6d,3b,R
1478193190.203721,0002,8,00,00,00,00,00,08,09,a5,R
1478193190.203959,0153,8,00,21,10,ff,00,ff,00,00,R
1478193190.204200,0130,8,02,80,00,ff,44,80,09,ec,R
1478193190.204438,0131,8,17,80,00,00,2d,7f,09,55,R
1478193190.204680,0140,8,00,00,00,00,18,08,29,36,R
1478193190.204912,02a0,8,60,00,95,1c,97,02,bd,00,R
1478193190.205146,0329,8,0c,bb,7f,14,11,20,00,14,R
1478193190.205386,0545,8,d8,00,00,8a,00,00,00,00,R
1478193190.206206,02c0,8,15,00,00,00,00,00,00,00,R
1478193190.206541,043f,8,10,40,60,ff,78,c4,08,00,R
1478193190.206791,0370,8,00,20,00,00,00,00,00,00,R
1478193190.207033,0350,8,05,20,34,68,77,00,00,0e,R
1478193190.207272,0440,8,ff,00,00,00,ff,c4,08,00,R
1478193190.211118,04f0,8,00,00,00,80,00,67,d1,13,R
1478193190.213257,0316,8,05,21,70,09,21,21,00,70,R
1478193190.213495,018f,8,fe,50,00,00,00,3c,00,00,R
1478193190.213729,0260,8,19,21,21,30,08,8e,6c,09,R
1478193190.213965,02a0,8,00,00,95,1c,97,02,bd,00,R
1478193190.214199,0329,8,0c,bb,7f,14,11,20,00,14,R
1478193190.214453,0430,8,00,00,00,00,00,00,00,00,R
1478193190.214703,04b1,8,00,00,00,00,00,00,00,00,R
1478193190.214949,01f1,8,08,00,00,00,00,00,00,00,R
1478193190.215187,0153,8,00,21,10,ff,00,ff,00,00,R
1478193190.215436,0002,8,00,00,00,00,00,08,0a,82,R
1478193190.215676,0545,8,d8,00,00,8a,00,00,00,00,R
1478193190.216077,0130,8,0b,80,00,ff,22,80,0a,11,R
1478193190.216318,0131,8,20,80,00,00,11,7f,0a,08,R
1478193190.216557,0140,8,00,00,00,00,1a,33,2a,5d,R
1478193190.216810,02c0,8,15,00,00,00,00,00,00,00,R
1478193190.217047,0350,8,05,20,44,68,77,00,00,7e,R
1478193190.217296,0370,8,00,20,00,00,00,00,00,00,R
1478193190.217536,043f,8,10,40,60,ff,78,c5,08,00,R
1478193190.217781,0440,8,ff,00,00,00,ff,c5,08,00,R
1478193190.219809,00a0,8,5c,84,70,09,00,1f,02,00,R
1478193190.220048,00a1,8,85,87,00,00,24,00,00,00,R
1478193190.223049,0316,8,05,21,70,09,21,21,00,70,R
1478193190.223290,018f,8,fe,50,00,00,00,3c,00,00,R
1478193190.223519,0260,8,19,21,21,30,08,8e,6c,1a,R
1478193190.223767,0002,8,00,00,00,00,00,08,0b,9f,R
1478193190.224006,0153,8,00,21,10,ff,00,ff,00,00,R
1478193190.224246,0130,8,0f,80,00,ff,08,80,0b,5a,R
1478193190.224482,0131,8,12,80,00,00,09,7f,0b,6d,R
1478193190.224722,0140,8,00,00,00,00,1c,07,2b,a9,R
1478193190.224956,02a0,8,20,00,95,1c,97,02,bd,00,R
1478193190.225190,0329,8,0c,bb,7f,14,11,20,00,14,R
1478193190.225431,0545,8,d8,00,00,8a,00,00,00,00,R
1478193190.226189,02c0,8,15,00,00,00,00,00,00,00,R
1478193190.226553,043f,8,10,40,60,ff,78,c5,08,00,R
1478193190.226803,0370,8,00,20,00,00,00,00,00,00,R
1478193190.227039,0350,8,05,20,54,68,77,00,00,6e,R
1478193190.227283,0440,8,ff,00,00,00,ff,c5,08,00,R
1478193190.231212,04f0,8,00,00,00,80,00,67,d1,13,R
1478193190.233079,0316,8,05,21,6c,09,21,21,00,70,R
1478193190.233322,018f,8,fe,50,00,00,00,3c,00,00,R
1478193190.233552,0260,8,19,21,21,30,08,8e,6c,2b,R
1478193190.233785,02a0,8,40,00,95,1c,97,02,bd,00,R
1478193190.234019,0329,8,0c,bb,7f,14,11,20,00,14,R
1478193190.234273,0430,8,00,00,00,00,00,00,00,00,R
1478193190.234521,04b1,8,00,00,00,00,00,00,00,00,R
1478193190.234769,01f1,8,08,00,00,00,00,00,00,00,R
1478193190.235007,0153,8,00,21,10,ff,00,ff,00,00,R
1478193190.235257,0002,8,00,00,00,00,00,08,0c,cc,R
1478193190.235495,0545,8,d8,5f,00,8b,00,00,00,00,R
1478193190.235633,05f0,2,01,00,R,,,,,,
1478193190.236088,0130,8,0b,80,00,ff,0f,80,0c,ea,R
1478193190.236324,0131,8,f2,7f,00,00,15,7f,0c,35,R
1478193190.236565,0140,8,00,00,00,00,1e,0d,2c,3b,R
1478193190.236815,02c0,8,15,00,00,00,00,00,00,00,R
1478193190.237050,0350,8,05,20,64,68,77,00,00,5e,R
1478193190.237300,0370,8,00,20,00,00,00,00,00,00,R
1478193190.237540,043f,8,10,40,60,ff,78,c3,08,00,R
1478193190.237785,0440,8,ff,00,00,00,ff,c3,08,00,R
1478193190.240414,0690,8,00,00,00,00,a0,02,00,00,R
1478193190.242966,0316,8,05,21,6c,09,21,21,00,70,R
1478193190.243206,018f,8,fe,50,00,00,00,3c,00,00,R
1478193190.243436,0260,8,19,21,21,30,08,8e,6c,3c,R
1478193190.243684,0002,8,00,00,00,00,00,08,0d,d1,R
1478193190.243922,0153,8,00,21,10,ff,00,ff,00,00,R
1478193190.244167,0130,8,07,80,00,ff,28,80,0d,f6,R
1478193190.244400,0131,8,e9,7f,00,00,26,7f,0d,00,R
1478193190.244642,0140,8,00,00,00,00,20,02,2d,a4,R
1478193190.244875,02a0,8,60,00,95,1c,97,02,bd,00,R
1478193190.245109,0329,8,0c,bb,7f,14,11,20,00,14,R
1478193190.245351,0545,8,d8,00,00,8b,00,00,00,00,R
1478193190.246169,02c0,8,15,00,00,00,00,00,00,00,R
1478193190.246511,043f,8,10,40,60,ff,78,c2,08,00,R
1478193190.246762,0370,8,00,20,00,00,00,00,00,00,R
1478193190.246996,0350,8,05,20,74,68,77,00,00,4e,R
1478193190.247242,0440,8,ff,00,00,00,ff,c2,08,00,R
1478193190.250926,04f0,8,00,00,00,80,00,67,d1,13,R
1478193190.252951,0316,8,05,21,6c,09,21,21,00,70,R
1478193190.253191,018f,8,fe,50,00,00,00,3c,00,00,R
1478193190.253423,0260,8,19,21,22,30,08,8e,6c,08,R
1478193190.253659,02a0,8,00,00,95,1c,97,02,bd,00,R
1478193190.253893,0329,8,0c,bb,7f,14,11,20,00,14,R
1478193190.254147,0430,8,00,00,00,00,00,00,00,00,R
1478193190.254396,04b1,8,00,00,00,00,00,00,00,00,R
1478193190.254645,01f1,8,08,00,00,00,00,00,00,00,R
1478193190.254883,0153,8,00,21,10,ff,00,ff,00,00,R
1478193190.255128,0002,8,00,00,00,00,00,08,0e,f6,R
1478193190.255370,0545,8,d8,00,00,8c,00,00,00,00,R
1478193190.256077,0130,8,02,80,00,ff,33,80,0e,7d,R
1478193190.256309,0131,8,f2,7f,00,00,3a,7f,0e,b9,R
1478193190.256551,0140,8,00,00,00,00,22,08,2e,42,R
1478193190.256801,02c0,8,15,00,00,00,00,00,00,00,R
1478193190.257037,0350,8,05,20,84,68,77,00,00,be,R
1478193190.257288,0370,8,00,20,00,00,00,00,00,00,R
1478193190.257528,043f,8,10,40,60,ff,78,c4,08,00,R
1478193190.257772,0440,8,ff,00,00,00,ff,c4,08,00,R
1478193190.263021,0316,8,05,21,6c,09,21,21,00,70,R
1478193190.263256,018f,8,fe,50,00,00,00,3c,00,00,R
1478193190.263488,0260,8,19,21,22,30,08,8e,6c,19,R
1478193190.263736,0002,8,00,00,00,00,00,08,0f,eb,R
1478193190.263978,0153,8,00,21,10,ff,00,ff,00,00,R
1478193190.264214,0130,8,02,80,00,ff,24,80,0f,f2,R
1478193190.264459,0131,8,00,80,00,00,3a,7f,0f,be,R
1478193190.264703,0140,8,00,00,00,00,24,00,2f,00,R
1478193190.264937,02a0,8,20,00,95,1c,97,02,bd,00,R
1478193190.265176,0329,8,40,bb,7f,14,11,20,00,14,R
1478193190.265416,0545,8,d8,00,00,8a,00,00,00,00,R
1478193190.266349,02c0,8,15,00,00,00,00,00,00,00,R
1478193190.266603,0370,8,00,20,00,00,00,00,00,00,R
1478193190.266839,0350,8,05,20,94,68,77,00,00,ae,R
1478193190.267078,043f,8,10,40,60,ff,78,c3,08,00,R
1478193190.267322,0440,8,ff,00,00,00,ff,c3,08,00,R
1478193190.271361,04f0,8,00,00,00,80,00,67,d1,13,R
1478193190.273049,0316,8,05,21,6c,09,21,21,00,70,R
1478193190.273294,018f,8,fe,50,00,00,00,3c,00,00,R
1478193190.273522,0260,8,19,21,22,30,08,8e,6c,2a,R
1478193190.273754,02a0,8,40,00,95,1c,97,02,bd,00,R
1478193190.273994,0329,8,40,bb,7f,14,11,20,00,14,R
1478193190.274246,0430,8,00,00,00,00,00,00,00,00,R
1478193190.274495,04b1,8,00,00,00,00,00,00,00,00,R
1478193190.274743,01f1,8,08,00,00,00,00,00,00,00,R
1478193190.274980,0153,8,00,21,10,ff,00,ff,00,00,R
1478193190.275231,0002,8,00,00,00,00,00,09,00,1c,R
1478193190.275470,0545,8,d8,00,00,8a,00,00,00,00,R
1478193190.276084,0130,8,01,80,00,ff,13,80,00,0c,R
1478193190.276324,0131,8,fb,7f,00,00,38,7f,00,93,R
1478193190.276568,0140,8,00,00,00,00,02,27,20,02,R
1478193190.276817,02c0,8,15,00,00,00,00,00,00,00,R
1478193190.277051,0350,8,05,20,a4,68,77,00,00,9e,R
1478193190.277302,0370,8,00,20,00,00,00,00,00,00,R
1478193190.277543,043f,8,10,40,60,ff,78,c2,08,00,R
1478193190.277790,0440,8,ff,00,00,00,ff,c2,08,00,R
1478193190.282952,0316,8,05,21,74,09,21,21,00,70,R
1478193190.283192,018f,8,fe,50,00,00,00,3c,00,00,R
1478193190.283420,0260,8,19,21,22,30,08,8e,6c,3b,R
1478193190.283670,0002,8,00,00,00,00,00,09,01,01,R
1478193190.283908,0153,8,00,21,10,ff,00,ff,00,00,R
1478193190.284150,0130,8,01,80,00,ff,1f,80,01,1b,R
1478193190.284390,0131,8,fb,7f,00,00,3d,7f,01,07,R
1478193190.284634,0140,8,00,00,00,00,04,20,21,e3,R
1478193190.284867,02a0,8,60,00,95,1c,97,02,bd,00,R
1478193190.285105,0329,8,40,bb,7f,14,11,20,00,14,R
1478193190.285343,0545,8,d8,5f,00,8d,00,00,00,00,R
1478193190.285481,05f0,2,01,00,R,,,,,,
1478193190.286143,02c0,8,15,00,00,00,00,00,00,00,R
1478193190.286490,043f,8,10,40,60,ff,78,c1,08,00,R
1478193190.286741,0370,8,00,20,00,00,00,00,00,00,R
1478193190.286975,0350,8,05,20,b4,68,77,00,00,8e,R
1478193190.287218,0440,8,ff,00,00,00,ff,c1,08,00,R
1478193190.291030,04f0,8,00,00,00,80,00,67,d1,13,R
1478193190.292930,0316,8,05,21,74,09,21,21,00,70,R
1478193190.293171,018f,8,fe,50,00,00,00,3c,00,00,R
1478193190.293403,0260,8,19,21,22,30,08,8e,6c,08,R
1478193190.293639,02a0,8,00,00,95,1c,97,02,bd,00,R
1478193190.293877,0329,8,40,bb,7f,14,11,20,00,14,R
1478193190.294131,0430,8,00,00,00,00,00,00,00,00,R
1478193190.294380,04b1,8,00,00,00,00,00,00,00,00,R
1478193190.294631,01f1,8,08,00,00,00,00,00,00,00,R
1478193190.294866,0153,8,00,21,10,ff,00,ff,00,00,R
1478193190.295113,0002,8,00,00,00,00,00,09,02,26,R
1478193190.295355,0545,8,d8,00,00,8c,00,00,00,00,R
1478193190.296086,0130,8,08,80,00,ff,41,80,02,c2,R
1478193190.296325,0131,8,17,80,00,00,41,7f,02,c0,R
1478193190.296565,0140,8,00,00,00,00,06,21,22,8b,R
1478193190.296815,02c0,8,15,00,00,00,00,00,00,00,R
1478193190.297053,0350,8,05,20,c4,68,77,00,00,fe,R
1478193190.297303,0370,8,00,20,00,00,00,00,00,00,R
1478193190.297544,043f,8,10,40,60,ff,78,c4,08,00,R
1478193190.297788,0440,8,ff,00,00,00,ff,c4,08,00,R
1478193190.303005,0316,8,05,21,74,09,21,21,00,70,R
1478193190.303244,018f,8,fe,50,00,00,00,3c,00,00,R
1478193190.303475,0260,8,19,21,22,30,08,8e,6c,19,R
1478193190.303721,0002,8,00,00,00,00,00,09,03,3b,R
1478193190.303959,0153,8,00,21,10,ff,00,ff,00,00,R
1478193190.304200,0130,8,0b,80,00,ff,42,80,03,b4,R
1478193190.304440,0131,8,12,80,00,00,39,7f,03,ad,R
1478193190.304684,0140,8,00,00,00,00,08,28,23,89,R
1478193190.304918,02a0,8,20,00,95,1c,97,02,bd,00,R
1478193190.305157,0329,8,40,bb,7f,14,11,20,00,14,R
1478193190.305397,0545,8,d8,00,00,8a,00,00,00,00,R
1478193190.306297,02c0,8,15,00,00,00,00,00,00,00,R
1478193190.306547,0370,8,00,20,00,00,00,00,00,00,R
1478193190.306787,043f,8,10,40,60,ff,78,c8,08,00,R
1478193190.307026,0350,8,05,20,d4,68,77,00,00,ee,R
1478193190.307269,0440,8,ff,00,00,00,ff,c8,08,00,R
1478193190.311375,04f0,8,00,00,00,80,00,67,d1,13,R
1478193190.313005,0316,8,05,21,74,09,21,21,00,70,R
1478193190.313243,018f,8,fe,50,00,00,00,3c,00,00,R
1478193190.313471,0260,8,19,21,22,30,08,8e,6c,2a,R
1478193190.313702,02a0,8,40,00,95,1c,97,02,bd,00,R
1478193190.313941,0329,8,40,bb,7f,14,11,20,00,14,R
1478193190.314195,0430,8,00,00,00,00,00,00,00,00,R
1478193190.314444,04b1,8,00,00,00,00,00,00,00,00,R
1478193190.314692,01f1,8,08,00,00,00,00,00,00,00,R
1478193190.314929,0153,8,00,21,10,ff,00,ff,00,00,R
1478193190.315177,0002,8,00,00,00,00,00,09,04,68,R
1478193190.315418,0545,8,d8,00,00,8a,00,00,00,00,R
1478193190.316075,0130,8,0d,80,00,ff,19,80,04,cc,R
1478193190.316314,0131,8,00,80,00,00,2c,7f,04,6c,R
1478193190.316555,0140,8,00,00,00,00,0a,26,24,36,R
1478193190.316806,02c0,8,15,00,00,00,00,00,00,00,R
1478193190.317042,0350,8,05,20,e4,68,77,00,00,de,R
1478193190.317295,0370,8,00,20,00,00,00,00,00,00,R
1478193190.317534,043f,8,10,40,60,ff,78,c9,08,00,R
1478193190.317775,0440,8,ff,00,00,00,ff,c9,08,00,R
1478193190.319699,00a0,8,5c,84,74,09,00,1f,02,00,R
1478193190.319939,00a1,8,85,87,00,00,24,00,00,00,R
1478193190.322905,0316,8,05,21,74,09,21,21,00,70,R
1478193190.323146,018f,8,fe,50,00,00,00,3c,00,00,R
1478193190.323375,0260,8,19,21,21,30,08,8e,6c,3c,R
1478193190.323622,0002,8,00,00,00,00,00,09,05,75,R
1478193190.323860,0153,8,00,21,10,ff,00,ff,00,00,R
1478193190.324100,0130,8,0e,80,00,ff,01,80,05,22,R
1478193190.324338,0131,8,05,80,00,00,2c,7f,05,45,R
1478193190.324576,0140,8,00,00,00,00,0c,29,25,8d,R
1478193190.324808,02a0,8,60,00,95,1c,97,02,bd,00,R
1478193190.325046,0329,8,40,bb,7f,14,11,20,00,14,R
1478193190.325288,0545,8,d8,00,00,8b,00,00,00,00,R
1478193190.326107,02c0,8,15,00,00,00,00,00,00,00,R
1478193190.326505,043f,8,10,40,60,ff,78,c9,08,00,R
1478193190.326760,0370,8,00,20,00,00,00,00,00,00,R
1478193190.326990,0350,8,05,20,f4,68,77,00,00,ce,R
1478193190.327232,0440,8,ff,00,00,00,ff,c9,08,00,R
1478193190.331013,04f0,8,00,00,00,80,00,67,d1,13,R
1478193190.332887,0316,8,05,21,78,09,21,21,00,70,R
1478193190.333128,018f,8,fe,50,00,00,00,3c,00,00,R
1478193190.333357,0260,8,19,21,21,30,08,8e,6b,0a,R
1478193190.333593,02a0,8,00,00,95,1c,97,02,bd,00,R
1478193190.333831,0329,8,40,bb,7f,14,11,20,00,14,R
1478193190.334086,0430,8,00,00,00,00,00,00,00,00,R
1478193190.334334,04b1,8,00,00,00,00,00,00,00,00,R
1478193190.334582,01f1,8,08,00,00,00,00,00,00,00,R
1478193190.334819,0153,8,00,21,10,ff,00,ff,00,00,R
1478193190.335065,0002,8,00,00,00,00,00,09,06,52,R
1478193190.335304,0545,8,d8,5f,00,8b,00,00,00,00,R
1478193190.335443,05f0,2,01,00,R,,,,,,
1478193190.336077,0130,8,0e,80,00,ff,0b,80,06,0a,R
1478193190.336316,0131,8,00,80,00,00,34,7f,06,42,R
1478193190.336555,0140,8,00,00,00,00,0e,29,26,a9,R
1478193190.336805,02c0,8,15,00,00,00,00,00,00,00,R
1478193190.337044,0350,8,05,20,04,68,77,00,00,3e,R
1478193190.337294,0370,8,00,20,00,00,00,00,00,00,R
1478193190.337534,043f,8,10,40,60,ff,78,c7,08,00,R
1478193190.337778,0440,8,ff,00,00,00,ff,c7,08,00,R
1478193190.340413,0690,8,00,00,00,00,a0,02,00,00,R
1478193190.342965,0316,8,05,21,78,09,21,21,00,70,R
1478193190.343207,018f,8,fe,50,00,00,00,3c,00,00,R
1478193190.343435,0260,8,19,21,21,30,08,8e,6a,1c,R
1478193190.343681,0002,8,00,00,00,00,00,09,07,4f,R
1478193190.343920,0153,8,00,21,10,ff,00,ff,00,00,R
1478193190.344164,0130,8,0f,80,00,ff,1a,80,07,dd,R
1478193190.344402,0131,8,05,80,00,00,38,7f,07,61,R
1478193190.344646,0140,8,00,00,00,00,10,33,27,d3,R
1478193190.344880,02a0,8,20,00,95,1c,97,02,bd,00,R
1478193190.345114,0329,8,86,bb,7f,14,11,20,00,14,R
1478193190.345357,0545,8,d8,00,00,8b,00,00,00,00,R
1478193190.346084,02c0,8,15,00,00,00,00,00,00,00,R
1478193190.346496,043f,8,10,40,60,ff,78,c6,08,00,R
1478193190.346746,0370,8,00,20,00,00,00,00,00,00,R
1478193190.346979,0350,8,05,20,14,68,77,00,00,2e,R
1478193190.347224,0440,8,ff,00,00,00,ff,c6,08,00,R
1478193190.350936,04f0,8,00,00,00,80,00,67,d1,13,R
1478193190.353060,0316,8,05,21,78,09,21,21,00,70,R
1478193190.353303,018f,8,fe,50,00,00,00,3c,00,00,R
1478193190.353533,0260,8,19,21,21,30,08,8e,6a,2d,R
1478193190.353765,02a0,8,40,00,95,1c,97,02,bd,00,R
1478193190.354000,0329,8,86,bb,7f,14,11,20,00,14,R
1478193190.354254,0430,8,00,00,00,00,00,00,00,00,R
1478193190.354502,04b1,8,00,00,00,00,00,00,00,00,R
1478193190.354751,01f1,8,08,00,00,00,00,00,00,00,R
1478193190.354988,0153,8,00,21,10,ff,00,ff,00,00,R
1478193190.355232,0002,8,00,00,00,00,00,09,08,f4,R
1478193190.355473,0545,8,d8,00,00,8a,00,00,00,00,R
1478193190.356067,02c0,8,15,00,00,00,00,00,00,00,R
1478193190.356302,0130,8,0a,80,00,ff,1a,80,08,52,R
1478193190.356539,0131,8,f2,7f,00,00,36,7f,08,fd,R
1478193190.356781,0140,8,00,00,00,00,12,23,28,df,R
1478193190.357013,0350,8,05,20,24,68,77,00,00,1e,R
1478193190.357263,0370,8,00,20,00,00,00,00,00,00,R
1478193190.357506,043f,8,10,40,60,ff,78,c9,08,00,R
1478193190.357748,0440,8,ff,00,00,00,ff,c9,08,00,R
1478193190.362891,0316,8,05,21,78,09,21,21,00,70,R
1478193190.363127,018f,8,fe,50,00,00,00,3c,00,00,R
1478193190.363357,0260,8,19,21,21,30,08,8e,6a,3e,R
1478193190.363601,0002,8,00,00,00,00,00,09,09,e9,R
1478193190.363840,0153,8,00,21,10,ff,00,ff,00,00,R
1478193190.364082,0130,8,05,80,00,ff,0e,80,09,0d,R
1478193190.364314,0131,8,e9,7f,00,00,36,7f,09,6c,R
1478193190.364552,0140,8,00,00,00,00,14,22,29,8b,R
1478193190.364784,02a0,8,60,00,95,1c,97,02,bd,00,R
1478193190.365022,0329,8,86,bb,7f,14,11,20,00,14,R
1478193190.365261,0545,8,d8,00,00,8a,00,00,00,00,R
1478193190.366069,02c0,8,15,00,00,00,00,00,00,00,R
1478193190.366507,043f,8,10,40,60,ff,78,cc,08,00,R
1478193190.366758,0370,8,00,20,00,00,00,00,00,00,R
1478193190.366993,0350,8,05,20,34,68,77,00,00,0e,R
1478193190.367239,0440,8,ff,00,00,00,ff,cc,08,00,R
1478193190.371014,04f0,8,00,00,00,80,00,67,d1,13,R
1478193190.372847,0316,8,05,21,78,09,21,21,00,70,R
1478193190.373090,018f,8,fe,50,00,00,00,3c,00,00,R
1478193190.373320,0260,8,19,21,21,30,08,8e,69,0c,R
1478193190.373557,02a0,8,00,00,95,1c,97,02,bd,00,R
1478193190.373791,0329,8,86,bb,7f,14,11,20,00,14,R
1478193190.374045,0430,8,00,00,00,00,00,00,00,00,R
1478193190.374299,04b1,8,00,00,00,00,00,00,00,00,R
1478193190.374542,01f1,8,08,00,00,00,00,00,00,00,R
1478193190.374780,0153,8,00,21,10,ff,00,ff,00,00,R
1478193190.375024,0002,8,00,00,00,00,00,09,0a,ce,R
1478193190.375264,0545,8,d8,00,00,8a,00,00,00,00,R
1478193190.376053,02c0,8,15,00,00,00,00,00,00,00,R
1478193190.376291,0130,8,fd,7f,00,ff,09,80,0a,d2,R
1478193190.376525,0131,8,e5,7f,00,00,3f,7f,0a,73,R
1478193190.376764,0140,8,00,00,00,00,16,22,2a,af,R
1478193190.377003,0350,8,05,20,44,68,77,00,00,7e,R
1478193190.377255,0370,8,00,20,00,00,00,00,00,00,R
1478193190.377495,043f,8,10,40,60,ff,78,c9,08,00,R
1478193190.377737,0440,8,ff,00,00,00,ff,c9,08,00,R
1478193190.382931,0316,8,05,21,80,09,21,21,00,70,R
1478193190.383172,018f,8,fe,50,00,00,00,3c,00,00,R
1478193190.383400,0260,8,19,21,21,30,08,8e,6a,1c,R
1478193190.383644,0002,8,00,00,00,00,00,09,0b,d3,R
1478193190.383883,0153,8,00,21,10,ff,00,ff,00,00,R
1478193190.384118,0130,8,fb,7f,00,ff,1c,80,0b,8d,R
1478193190.384351,0131,8,f7,7f,00,00,45,7f,0b,2a,R
1478193190.384593,0140,8,00,00,00,00,18,27,2b,da,R
1478193190.384827,02a0,8,20,00,95,1c,97,02,bd,00,R
1478193190.385061,0329,8,86,bb,7f,14,11,20,00,14,R
1478193190.385300,0545,8,d8,5f,00,8c,00,00,00,00,R
1478193190.385437,05f0,2,01,00,R,,,,,,
1478193190.386044,02c0,8,15,00,00,00,00,00,00,00,R
1478193190.386542,043f,8,10,40,60,ff,78,c6,08,00,R
1478193190.386778,0350,8,05,20,54,68,77,00,00,6e,R
1478193190.387029,0370,8,00,20,00,00,00,00,00,00,R
1478193190.387272,0440,8,ff,00,00,00,ff,c6,08,00,R
1478193190.390947,04f0,8,00,00,00,80,00,67,d1,13,R
1478193190.393001,0316,8,05,21,80,09,21,21,00,70,R
1478193190.393245,018f,8,fe,50,00,00,00,3c,00,00,R
1478193190.393474,0260,8,19,21,21,30,08,8e,68,2f,R
1478193190.393706,02a0,8,40,00,95,1c,97,02,bd,00,R
1478193190.393940,0329,8,86,bb,7f,14,11,20,00,14,R
1478193190.394194,0430,8,00,00,00,00,00,00,00,00,R
1478193190.394443,04b1,8,00,00,00,00,00,00,00,00,R
1478193190.394691,01f1,8,08,00,00,00,00,00,00,00,R
1478193190.394929,0153,8,00,21,10,ff,00,ff,00,00,R
1478193190.395177,0002,8,00,00,00,00,00,09,0c,80,R
1478193190.395419,0545,8,d8,00,00,8b,00,00,00,00,R
1478193190.396044,02c0,8,15,00,00,00,00,00,00,00,R
1478193190.396286,0130,8,08,80,00,ff,3b,80,0c,23,R
1478193190.396526,0131,8,2e,80,00,00,39,7f,0c,7b,R
1478193190.396770,0140,8,00,00,00,00,1a,00,2c,06,R
1478193190.397005,0350,8,05,20,64,68,77,00,00,5e,R
1478193190.397254,0370,8,00,20,00,00,00,00,00,00,R
1478193190.397493,043f,8,10,40,60,ff,78,c7,08,00,R
1478193190.397736,0440,8,ff,00,00,00,ff,c7,08,00,R
1478193190.402842,0316,8,05,21,80,09,21,21,00,70,R
1478193190.403082,018f,8,fe,50,00,00,00,3c,00,00,R
1478193190.403314,0260,8,19,21,21,30,08,8e,68,30,R
1478193190.403560,0002,8,00,00,00,00,00,0a,0d,49,R
1478193190.403798,0153,8,00,21,10,ff,00,ff,00,00,R
1478193190.404030,02a0,8,60,00,95,1c,97,02,bd,00,R
1478193190.404271,0130,8,11,80,00,ff,3b,80,0d,08,R
1478193190.404510,0131,8,2e,80,00,00,22,7f,0d,fe,R
1478193190.404753,0140,8,00,00,00,00,02,20,2d,7a,R
1478193190.404987,0329,8,86,bb,7f,14,11,20,00,14,R
1478193190.405227,0545,8,d8,00,00,8a,00,00,00,00,R
1478193190.406031,02c0,8,15,00,00,00,00,00,00,00,R
1478193190.406541,043f,8,10,40,60,ff,78,cc,08,00,R
1478193190.406775,0350,8,05,20,74,68,77,00,00,4e,R
1478193190.407026,0370,8,00,20,00,00,00,00,00,00,R
1478193190.407272,0440,8,ff,00,00,00,ff,cc,08,00,R
1478193190.411046,04f0,8,00,00,00,80,00,67,d1,13,R
1478193190.412811,0316,8,05,21,80,09,21,21,00,70,R
1478193190.413047,018f,8,fe,50,00,00,00,3c,00,00,R
1478193190.413279,0260,8,19,21,21,30,08,8e,68,0d,R
1478193190.413515,02a0,8,00,00,95,1c,97,02,bd,00,R
1478193190.413749,0329,8,86,bb,7f,14,11,20,00,14,R
1478193190.414004,0430,8,00,00,00,00,00,00,00,00,R
1478193190.414252,04b1,8,00,00,00,00,00,00,00,00,R
1478193190.414500,01f1,8,08,00,00,00,00,00,00,00,R
1478193190.414738,0153,8,00,21,10,ff,00,ff,00,00,R
1478193190.414987,0002,8,00,00,00,00,00,0a,0e,6e,R
1478193190.415229,0545,8,d8,00,00,8b,00,00,00,00,R
1478193190.416020,02c0,8,15,00,00,00,00,00,00,00,R
1478193190.416259,0130,8,12,80,00,ff,1a,80,0e,77,R
1478193190.416500,0131,8,00,80,00,00,04,7f,0e,82,R
1478193190.416746,0140,8,00,00,00,00,04,00,2e,2d,R
1478193190.416983,0350,8,05,20,84,68,77,00,00,be,R
1478193190.417233,0370,8,00,20,00,00,00,00,00,00,R
1478193190.417475,043f,8,10,40,60,ff,78,cf,08,00,R
1478193190.417716,0440,8,ff,00,00,00,ff,cf,08,00,R
1478193190.419711,00a0,8,5c,84,80,09,00,1f,02,00,R
1478193190.419949,00a1,8,85,87,00,00,24,00,00,00,R
1478193190.422883,0316,8,05,21,80,09,21,21,00,70,R
1478193190.423126,018f,8,fe,50,00,00,00,3c,00,00,R
1478193190.423353,0260,8,19,21,21,30,08,8f,67,1e,R
1478193190.423603,0002,8,00,00,00,00,00,00,0f,b1,R
1478193190.423842,0153,8,00,21,10,ff,00,ff,00,00,R
1478193190.424087,0130,8,0f,80,00,ff,0c,80,0f,28,R
1478193190.424323,0131,8,ee,7f,00,00,08,7f,0f,8d,R
1478193190.424565,0140,8,00,00,00,00,02,29,2f,56,R
1478193190.424800,02a0,8,20,00,95,1c,97,02,bd,00,R
1478193190.425033,0329,8,dc,bb,7f,14,11,20,00,14,R
1478193190.425274,0545,8,d8,00,00,8b,00,00,00,00,R
1478193190.426015,02c0,8,15,00,00,00,00,00,00,00,R
1478193190.426519,043f,8,10,40,60,ff,78,d0,08,00,R
1478193190.426769,0370,8,00,20,00,00,00,00,00,00,R
1478193190.427014,0350,8,05,20,94,68,77,00,00,ae,R
1478193190.427252,0440,8,ff,00,00,00,ff,d0,08,00,R
1478193190.430934,04f0,8,00,00,00,80,00,67,d1,13,R
1478193190.432987,0316,8,05,21,74,09,21,21,00,70,R
1478193190.433231,018f,8,fe,50,00,00,00,3c,00,00,R
1478193190.433459,0260,8,19,21,21,30,08,8f,6b,2b,R
1478193190.433691,02a0,8,40,00,95,1c,97,02,bd,00,R
1478193190.433923,0329,8,dc,bb,7f,14,11,20,00,14,R
1478193190.434177,0430,8,00,00,00,00,00,00,00,00,R
1478193190.434426,04b1,8,00,00,00,00,00,00,00,00,R
1478193190.434675,01f1,8,08,00,00,00,00,00,00,00,R
1478193190.434913,0153,8,00,21,10,ff,00,ff,00,00,R
1478193190.435165,0002,8,00,00,00,00,00,00,00,0a,R
1478193190.435403,0545,8,d8,5e,00,8a,00,00,00,00,R
1478193190.435539,05f0,2,01,00,R,,,,,,
1478193190.436004,02c0,8,15,00,00,00,00,00,00,00,R
1478193190.436244,0130,8,0b,80,00,ff,15,80,00,61,R
1478193190.436480,0131,8,f7,7f,00,00,29,7f,00,bf,R
1478193190.436727,0140,8,00,00,00,00,04,25,20,9f,R
1478193190.436958,0350,8,05,20,a4,68,77,00,00,9e,R
1478193190.437208,0370,8,00,20,00,00,00,00,00,00,R
1478193190.437449,043f,8,10,40,60,ff,78,cf,08,00,R
1478193190.437691,0440,8,ff,00,00,00,ff,cf,08,00,R
1478193190.440425,0690,8,00,00,00,00,a0,02,00,00,R
1478193190.442776,0316,8,05,21,74,09,21,21,00,70,R
1478193190.443018,018f,8,fe,50,00,00,00,3c,00,00,R
1478193190.443247,0260,8,19,21,21,30,08,8f,6d,3a,R
1478193190.443479,02a0,8,60,00,95,1c,97,02,bd,00,R
1478193190.443730,0002,8,00,00,00,00,00,00,01,17,R
1478193190.443967,0153,8,00,21,10,ff,00,ff,00,00,R
1478193190.444205,0130,8,0b,80,00,ff,24,80,01,db,R
1478193190.444445,0131,8,fb,7f,00,00,3b,7f,01,02,R
1478193190.444688,0140,8,00,00,00,00,06,26,21,55,R
1478193190.444920,0329,8,dc,bb,7f,14,11,20,00,14,R
1478193190.445162,0545,8,d8,00,00,8b,00,00,00,00,R
1478193190.445991,02c0,8,15,00,00,00,00,00,00,00,R
1478193190.446505,043f,8,10,40,60,ff,78,cd,08,00,R
1478193190.446755,0370,8,00,20,00,00,00,00,00,00,R
1478193190.446989,0350,8,05,20,b4,68,77,00,00,8e,R
1478193190.447231,0440,8,ff,00,00,00,ff,cd,08,00,R
1478193190.450945,04f0,8,00,00,00,80,00,67,d1,13,R
1478193190.452802,0316,8,05,21,74,09,21,21,00,70,R
1478193190.453046,018f,8,fe,50,00,00,00,3c,00,00,R
1478193190.453278,0260,8,19,21,21,30,08,8f,6d,07,R
1478193190.453515,02a0,8,00,00,95,1c,97,02,bd,00,R
1478193190.453747,0329,8,dc,bb,7f,14,11,20,00,14,R
1478193190.454001,0430,8,00,00,00,00,00,00,00,00,R
1478193190.454249,04b1,8,00,00,00,00,00,00,00,00,R
1478193190.454497,01f1,8,08,00,00,00,00,00,00,00,R
1478193190.454735,0153,8,00,21,10,ff,00,ff,00,00,R
1478193190.454987,0002,8,00,00,00,00,00,00,02,30,R
1478193190.455227,0545,8,d8,00,00,8a,00,00,00,00,R
1478193190.455985,02c0,8,15,00,00,00,00,00,00,00,R
1478193190.456230,0130,8,08,80,00,ff,2c,80,02,17,R
1478193190.456465,0131,8,f7,7f,00,00,3f,7f,02,98,R
1478193190.456705,0140,8,00,00,00,00,08,29,22,d8,R
1478193190.456944,0350,8,05,20,c4,68,77,00,00,fe,R
1478193190.457194,0370,8,00,20,00,00,00,00,00,00,R
1478193190.457438,043f,8,10,40,60,ff,78,ce,08,00,R
1478193190.457685,0440,8,ff,00,00,00,ff,ce,08,00,R
1478193190.462804,0316,8,05,21,74,09,21,21,00,70,R
1478193190.463042,018f,8,fe,50,00,00,00,3c,00,00,R
1478193190.463270,0260,8,19,21,21,30,08,8e,6d,19,R
1478193190.463504,02a0,8,20,00,95,1c,97,02,bd,00,R
1478193190.463753,0002,8,00,00,00,00,00,00,03,2d,R
1478193190.463990,0153,8,00,21,10,ff,00,ff,00,00,R
1478193190.464230,0130,8,08,80,00,ff,1f,80,03,ae,R
1478193190.464466,0131,8,fb,7f,00,00,3d,7f,03,3d,R
1478193190.464707,0140,8,00,00,00,00,0a,20,23,d0,R
1478193190.464939,0329,8,dc,bb,7f,14,11,20,00,14,R
1478193190.465183,0545,8,d8,00,00,8a,00,00,00,00,R
1478193190.466178,02c0,8,15,00,00,00,00,00,00,00,R
1478193190.466508,043f,8,10,40,60,ff,78,cf,08,00,R
1478193190.466745,0350,8,05,20,d4,68,77,00,00,ee,R
1478193190.466996,0370,8,00,20,00,00,00,00,00,00,R
1478193190.467238,0440,8,ff,00,00,00,ff,cf,08,00,R
1478193190.471036,04f0,8,00,00,00,80,00,67,d1,13,R
1478193190.472932,0316,8,05,21,74,09,21,21,00,70,R
1478193190.473175,018f,8,fe,50,00,00,00,3c,00,00,R
1478193190.473403,0260,8,19,21,21,30,08,8e,6d,2a,R
1478193190.473636,02a0,8,40,00,95,1c,97,02,bd,00,R
1478193190.473868,0329,8,dc,bb,7f,14,11,20,00,14,R
1478193190.474122,0430,8,00,00,00,00,00,00,00,00,R
1478193190.474370,04b1,8,00,00,00,00,00,00,00,00,R
1478193190.474618,01f1,8,08,00,00,00,00,00,00,00,R
1478193190.474856,0153,8,00,21,10,ff,00,ff,00,00,R
1478193190.475109,0002,8,00,00,00,00,00,00,04,7e,R
1478193190.475349,0545,8,d8,00,00,8a,00,00,00,00,R
1478193190.476083,0130,8,09,80,00,ff,14,80,04,20,R
1478193190.476325,0131,8,05,80,00,00,3d,7f,04,cf,R
1478193190.476563,0140,8,00,00,00,00,0c,2f,24,25,R
1478193190.476813,02c0,8,15,00,00,00,00,00,00,00,R
1478193190.477047,0350,8,05,20,e4,68,77,00,00,de,R
1478193190.477298,0370,8,00,20,00,00,00,00,00,00,R
1478193190.477537,043f,8,10,40,60,ff,78,cf,08,00,R
1478193190.477780,0440,8,ff,00,00,00,ff,cf,08,00,R
1478193190.482718,0316,8,05,21,74,09,21,21,00,70,R
1478193190.482958,018f,8,fe,50,00,00,00,3c,00,00,R
1478193190.483188,0260,8,19,21,21,30,08,8e,6c,3c,R
1478193190.483419,02a0,8,60,00,95,1c,97,02,bd,00,R
1478193190.483668,0002,8,00,00,00,00,00,00,05,63,R
1478193190.483906,0153,8,00,21,10,ff,00,ff,00,00,R
1478193190.484150,0130,8,0a,80,00,ff,23,80,05,78,R
1478193190.484387,0131,8,05,80,00,00,39,7f,05,d4,R
1478193190.484625,0140,8,00,00,00,00,0e,23,25,4c,R
1478193190.484856,0329,8,dc,bb,7f,14,11,20,00,14,R
1478193190.485095,0545,8,d8,5f,00,8b,00,00,00,00,R
1478193190.485233,05f0,2,01,00,R,,,,,,
1478193190.486133,02c0,8,15,00,00,00,00,00,00,00,R
1478193190.486509,043f,8,10,40,60,ff,78,cd,08,00,R
1478193190.486760,0370,8,00,20,00,00,00,00,00,00,R
1478193190.486996,0350,8,05,20,f4,68,77,00,00,ce,R
1478193190.487238,0440,8,ff,00,00,00,ff,cd,08,00,R
1478193190.491017,04f0,8,00,00,00,80,00,67,d1,13,R
1478193190.492752,0316,8,05,21,74,09,21,21,00,70,R
1478193190.492995,018f,8,fe,50,00,00,00,3c,00,00,R
1478193190.493225,0260,8,19,21,21,30,08,8e,6d,08,R
1478193190.493461,02a0,8,00,00,95,1c,97,02,bd,00,R
1478193190.493693,0329,8,dc,bb,7f,14,11,20,00,14,R
1478193190.493948,0430,8,00,00,00,00,00,00,00,00,R
1478193190.494198,04b1,8,00,00,00,00,00,00,00,00,R
1478193190.494445,01f1,8,08,00,00,00,00,00,00,00,R
1478193190.494683,0153,8,00,21,10,ff,00,ff,00,00,R
1478193190.494934,0002,8,00,00,00,00,00,00,06,44,R
1478193190.495177,0545,8,d8,00,00,8b,00,00,00,00,R
1478193190.495959,02c0,8,15,00,00,00,00,00,00,00,R
1478193190.496198,0130,8,0d,80,00,ff,35,80,06,cc,R
1478193190.496437,0131,8,09,80,00,00,2a,7f,06,dc,R
1478193190.496676,0140,8,00,00,00,00,10,0b,26,55,R
1478193190.496917,0350,8,05,20,04,68,77,00,00,3e,R
1478193190.497166,0370,8,00,20,00,00,00,00,00,00,R
1478193190.497407,043f,8,10,40,60,ff,78,cc,08,00,R
1478193190.497654,0440,8,ff,00,00,00,ff,cc,08,00,R
1478193190.502873,0316,8,05,21,74,09,21,21,00,70,R
1478193190.503113,018f,8,fe,50,00,00,00,3c,00,00,R
1478193190.503341,0260,8,19,21,21,30,08,8e,6d,19,R
1478193190.503589,0002,8,00,00,00,00,00,00,07,59,R
1478193190.503827,0153,8,00,21,10,ff,00,ff,00,00,R
1478193190.504061,02a0,8,20,00,95,1c,97,02,bd,00,R
1478193190.504302,0130,8,0d,80,00,ff,27,80,07,ca,R
1478193190.504544,0131,8,05,80,00,00,1d,7f,07,d8,R
1478193190.504786,0140,8,00,00,00,00,12,25,27,d1,R
1478193190.505021,0329,8,0c,bb,7f,14,11,20,00,14,R
1478193190.505260,0545,8,d8,00,00,8a,00,00,00,00,R
1478193190.506117,02c0,8,15,00,00,00,00,00,00,00,R
1478193190.506505,043f,8,10,40,60,ff,78,cd,08,00,R
1478193190.506739,0350,8,05,20,14,68,77,00,00,2e,R
1478193190.506989,0370,8,00,20,00,00,00,00,00,00,R
1478193190.507231,0440,8,ff,00,00,00,ff,cd,08,00,R
1478193190.511136,04f0,8,00,00,00,80,00,67,d1,13,R
1478193190.512883,0316,8,05,21,74,09,21,21,00,70,R
1478193190.513124,018f,8,fe,50,00,00,00,3c,00,00,R
1478193190.513352,0260,8,19,21,21,30,08,8e,6d,2a,R
1478193190.513584,02a0,8,40,00,95,1c,97,02,bd,00,R
1478193190.513818,0329,8,0c,bb,7f,14,11,20,00,14,R
1478193190.514073,0430,8,00,00,00,00,00,00,00,00,R
1478193190.514321,04b1,8,00,00,00,00,00,00,00,00,R
1478193190.514569,01f1,8,08,00,00,00,00,00,00,00,R
1478193190.514807,0153,8,00,21,10,ff,00,ff,00,00,R
1478193190.515059,0002,8,00,00,00,00,00,00,08,e2,R
1478193190.515300,0545,8,d8,00,00,8a,00,00,00,00,R
1478193190.516074,0130,8,0d,80,00,ff,fa,7f,08,0d,R
1478193190.516314,0131,8,00,80,00,00,10,7f,08,d2,R
1478193190.516558,0140,8,00,00,00,00,14,20,28,0e,R
1478193190.516809,02c0,8,15,00,00,00,00,00,00,00,R
1478193190.517042,0350,8,05,20,24,68,77,00,00,1e,R
1478193190.517293,0370,8,00,20,00,00,00,00,00,00,R
1478193190.517531,043f,8,10,40,60,ff,78,cd,08,00,R
1478193190.517773,0440,8,ff,00,00,00,ff,cd,08,00,R
1478193190.519474,00a0,8,5c,84,74,09,00,1f,02,00,R
1478193190.519711,00a1,8,85,87,00,00,24,00,00,00,R
1478193190.522692,0316,8,05,21,74,09,21,21,00,70,R
1478193190.522935,018f,8,fe,50,00,00,00,3c,00,00,R
1478193190.523165,0260,8,19,21,21,30,08,8e,6c,3c,R
1478193190.523397,02a0,8,60,00,95,1c,97,02,bd,00,R
1478193190.523653,0002,8,00,00,00,00,00,00,09,ff,R
1478193190.523891,0153,8,00,21,10,ff,00,ff,00,00,R
1478193190.524127,0130,8,0b,80,00,ff,eb,7f,09,54,R
1478193190.524362,0131,8,fb,7f,00,00,15,7f,09,d3,R
1478193190.524605,0140,8,00,00,00,00,16,20,29,10,R
1478193190.524839,0329,8,0c,bb,7f,14,11,20,00,14,R
1478193190.525079,0545,8,d8,00,00,8a,00,00,00,00,R
1478193190.525926,02c0,8,15,00,00,00,00,00,00,00,R
1478193190.526528,043f,8,10,40,60,ff,78,ce,08,00,R
1478193190.526765,0350,8,05,20,34,68,77,00,00,0e,R
1478193190.527014,0370,8,00,20,00,00,00,00,00,00,R
1478193190.527261,0440,8,ff,00,00,00,ff,ce,08,00,R
1478193190.530946,04f0,8,00,00,00,80,00,67,d1,13,R
1478193190.532721,0316,8,05,21,6c,09,21,21,00,70,R
1478193190.532964,018f,8,fe,50,00,00,00,3c,00,00,R
1478193190.533198,0260,8,19,21,22,30,08,8e,6c,08,R
1478193190.533434,02a0,8,00,00,95,1c,97,02,bd,00,R
1478193190.533669,0329,8,0c,bb,7f,14,11,20,00,14,R
1478193190.533922,0430,8,00,00,00,00,00,00,00,00,R
1478193190.534171,04b1,8,00,00,00,00,00,00,00,00,R
1478193190.534419,01f1,8,08,00,00,00,00,00,00,00,R
1478193190.534662,0153,8,00,21,10,ff,00,ff,00,00,R
1478193190.534909,0002,8,00,00,00,00,00,00,0a,d8,R
1478193190.535148,0545,8,d8,5f,00,8b,00,00,00,00,R
1478193190.535285,05f0,2,01,00,R,,,,,,
1478193190.535911,02c0,8,15,00,00,00,00,00,00,00,R
1478193190.536152,0130,8,09,80,00,ff,08,80,0a,94,R
1478193190.536386,0131,8,fb,7f,00,00,2b,7f,0a,d5,R
1478193190.536629,0140,8,00,00,00,00,18,00,2a,4b,R
1478193190.536874,0350,8,05,20,44,68,77,00,00,7e,R
1478193190.537118,0370,8,00,20,00,00,00,00,00,00,R
1478193190.537357,043f,8,10,40,60,ff,78,cc,08,00,R
1478193190.537604,0440,8,ff,00,00,00,ff,cc,08,00,R
1478193190.540414,0690,8,00,00,00,00,a0,02,00,00,R
1478193190.542788,0316,8,05,22,6c,09,22,21,00,70,R
1478193190.543026,018f,8,fe,50,00,00,00,3c,00,00,R
1478193190.543254,0260,8,19,22,22,30,08,8e,6d,17,R
1478193190.543488,02a0,8,20,00,95,1c,97,02,bd,00,R
1478193190.543736,0002,8,00,00,00,00,00,01,0b,89,R
1478193190.543974,0153,8,00,21,10,ff,00,ff,00,00,R
1478193190.544212,0130,8,09,80,00,ff,29,80,0b,36,R
1478193190.544450,0131,8,00,80,00,00,39,7f,0b,46,R
1478193190.544693,0140,8,00,00,00,00,02,20,2b,34,R
1478193190.544928,0329,8,0c,bb,7f,14,11,20,00,14,R
1478193190.545171,0545,8,d8,00,00,8c,00,00,00,00,R
1478193190.545912,02c0,8,15,00,00,00,00,00,00,00,R
1478193190.546566,043f,8,10,40,60,ff,78,c8,08,00,R
1478193190.546816,0370,8,00,20,00,00,00,00,00,00,R
1478193190.547052,0350,8,05,20,54,68,77,00,00,6e,R
1478193190.547296,0440,8,ff,00,00,00,ff,c8,08,00,R
1478193190.550971,04f0,8,00,00,00,80,00,67,d1,13,R
1478193190.552914,0316,8,05,22,6c,09,22,21,00,70,R
1478193190.553157,018f,8,fe,50,00,00,00,3c,00,00,R
1478193190.553394,0260,8,19,22,22,30,08,8e,6d,28,R
1478193190.553625,02a0,8,40,00,95,1c,97,02,bd,00,R
1478193190.553860,0329,8,0c,bb,7f,14,11,20,00,14,R
1478193190.554114,0430,8,00,00,00,00,00,00,00,00,R
1478193190.554362,04b1,8,00,00,00,00,00,00,00,00,R
1478193190.554610,01f1,8,08,00,00,00,00,00,00,00,R
1478193190.554848,0153,8,00,21,10,ff,00,ff,00,00,R
1478193190.555095,0002,8,00,00,00,00,00,01,0c,da,R
1478193190.555337,0545,8,d8,00,00,8b,00,00,00,00,R
1478193190.555897,02c0,8,15,00,00,00,00,00,00,00,R
1478193190.556140,0130,8,0e,80,00,ff,2c,80,0c,62,R
1478193190.556377,0131,8,12,80,00,00,42,7f,0c,de,R
1478193190.556618,0140,8,00,00,00,00,04,22,2c,fa,R
1478193190.556851,0350,8,05,20,64,68,77,00,00,5e,R
1478193190.557101,0370,8,00,20,00,00,00,00,00,00,R
1478193190.557340,043f,8,10,40,60,ff,78,c7,08,00,R
1478193190.557584,0440,8,ff,00,00,00,ff,c7,08,00,R
1478193190.562662,0316,8,05,21,6c,09,21,21,00,70,R
1478193190.562899,018f,8,fe,50,00,00,00,3c,00,00,R
1478193190.563125,0260,8,19,21,22,30,08,8e,6c,3b,R
1478193190.563358,02a0,8,60,00,95,1c,97,02,bd,00,R
1478193190.563604,0002,8,00,00,00,00,00,01,0d,c7,R
1478193190.563842,0153,8,00,21,10,ff,00,ff,00,00,R
1478193190.564080,0130,8,11,80,00,ff,09,80,0d,23,R
1478193190.564318,0131,8,12,80,00,00,41,7f,0d,4f,R
1478193190.564558,0140,8,00,00,00,00,06,26,2d,c9,R
1478193190.564792,0329,8,0c,bb,7f,14,11,20,00,14,R
1478193190.565036,0545,8,d8,00,00,89,00,00,00,00,R
1478193190.565896,02c0,8,15,00,00,00,00,00,00,00,R
1478193190.566158,05a0,8,00,00,00,00,00,00,00,00,R
1478193190.566414,05a2,8,05,00,a5,01,00,00,00,00,R
1478193190.566671,0370,8,00,20,00,00,00,00,00,00,R
1478193190.566899,0350,8,05,20,74,68,77,00,00,4e,R
1478193190.567138,043f,8,10,40,60,ff,78,c7,08,00,R
1478193190.567381,0440,8,ff,00,00,00,ff,c7,08,00,R
1478193190.571148,04f0,8,00,00,00,80,00,67,d1,13,R
1478193190.572659,0316,8,05,21,6c,09,21,21,00,70,R
1478193190.572903,018f,8,fe,50,00,00,00,3c,00,00,R
1478193190.573135,0260,8,19,21,22,30,08,8e,6c,08,R
1478193190.573371,02a0,8,00,00,95,1c,97,02,bd,00,R
1478193190.573605,0329,8,0c,bb,7f,14,11,20,00,14,R
1478193190.573859,0430,8,00,00,00,00,00,00,00,00,R
1478193190.574108,04b1,8,00,00,00,00,00,00,00,00,R
1478193190.574356,01f1,8,08,00,00,00,00,00,00,00,R
1478193190.574594,0153,8,00,21,10,ff,00,ff,00,00,R
1478193190.574842,0002,8,00,00,00,00,00,01,0e,e0,R
1478193190.575082,0545,8,d8,00,00,8a,00,00,00,00,R
1478193190.575880,02c0,8,15,00,00,00,00,00,00,00,R
1478193190.576121,0130,8,10,80,00,ff,f3,7f,0e,9f,R
1478193190.576359,0131,8,f7,7f,00,00,3d,7f,0e,07,R
1478193190.576600,0140,8,00,00,00,00,08,25,2e,33,R
1478193190.576834,0350,8,05,20,84,68,77,00,00,be,R
1478193190.577085,0370,8,00,20,00,00,00,00,00,00,R
1478193190.577328,043f,8,10,40,60,ff,78,c9,08,00,R
1478193190.577569,0440,8,ff,00,00,00,ff,c9,08,00,R
1478193190.582695,0316,8,05,21,6c,09,21,21,00,70,R
1478193190.582935,018f,8,fe,50,00,00,00,3c,00,00,R
1478193190.583163,0260,8,19,21,22,30,08,8e,6d,18,R
1478193190.583397,02a0,8,20,00,95,1c,97,02,bd,00,R
1478193190.583648,0002,8,00,00,00,00,00,01,0f,fd,R
1478193190.583886,0153,8,00,21,10,ff,00,ff,00,00,R
1478193190.584124,0130,8,0b,80,00,ff,0e,80,0f,42,R
1478193190.584360,0131,8,e9,7f,00,00,3f,7f,0f,a1,R
1478193190.584602,0140,8,00,00,00,00,0a,20,2f,4c,R
1478193190.584840,0329,8,40,bb,7f,14,11,20,00,14,R
1478193190.585080,0545,8,d8,5c,00,8c,00,00,00,00,R
1478193190.585218,05f0,2,01,00,R,,,,,,
1478193190.585865,02c0,8,15,00,00,00,00,00,00,00,R
1478193190.586565,043f,8,10,40,60,ff,78,c8,08,00,R
1478193190.586803,0350,8,05,20,94,68,77,00,00,ae,R
1478193190.587053,0370,8,00,20,00,00,00,00,00,00,R
1478193190.587297,0440,8,ff,00,00,00,ff,c8,08,00,R
1478193190.590955,04f0,8,00,00,00,80,00,67,d1,13,R
1478193190.592800,0316,8,05,21,6c,09,21,21,00,70,R
1478193190.593041,018f,8,fe,50,00,00,00,3c,00,00,R
1478193190.593269,0260,8,19,21,22,30,08,8e,6d,29,R
1478193190.593501,02a0,8,40,00,95,1c,97,02,bd,00,R
1478193190.593739,0329,8,40,bb,7f,14,11,20,00,14,R
1478193190.593999,0430,8,00,00,00,00,00,00,00,00,R
1478193190.594242,04b1,8,00,00,00,00,00,00,00,00,R
1478193190.594489,01f1,8,08,00,00,00,00,00,00,00,R
1478193190.594727,0153,8,00,21,10,ff,00,ff,00,00,R
1478193190.594978,0002,8,00,00,00,00,00,01,00,46,R
1478193190.595220,0545,8,d8,00,00,8b,00,00,00,00,R
1478193190.595866,02c0,8,15,00,00,00,00,00,00,00,R
1478193190.596108,0130,8,07,80,00,ff,41,80,00,a4,R
1478193190.596343,0131,8,f2,7f,00,00,45,7f,00,d1,R
1478193190.596588,0140,8,00,00,00,00,0c,20,20,f2,R
1478193190.596823,0350,8,05,20,a4,68,77,00,00,9e,R
1478193190.597073,0370,8,00,20,00,00,00,00,00,00,R
1478193190.597314,043f,8,10,40,60,ff,78,c4,08,00,R
1478193190.597558,0440,8,ff,00,00,00,ff,c4,08,00,R
1478193190.602655,0316,8,05,22,6c,09,22,21,00,70,R
1478193190.602893,018f,8,fe,50,00,00,00,3c,00,00,R
1478193190.603120,0260,8,19,22,22,30,08,8e,6e,38,R
1478193190.603353,02a0,8,60,00,95,1c,97,02,bd,00,R
1478193190.603601,0002,8,00,00,00,00,00,01,01,5b,R
1478193190.603839,0153,8,00,21,10,ff,00,ff,00,00,R
1478193190.604079,0130,8,06,80,00,ff,45,80,01,e2,R
1478193190.604317,0131,8,fb,7f,00,00,45,7f,01,43,R
1478193190.604558,0140,8,00,00,00,00,0e,25,21,8d,R
1478193190.604796,0329,8,40,bb,7f,14,11,20,00,14,R
1478193190.605040,0545,8,d8,00,00,89,00,00,00,00,R
1478193190.605854,02c0,8,15,00,00,00,00,00,00,00,R
1478193190.606582,043f,8,10,40,60,ff,78,c3,08,00,R
1478193190.606816,0350,8,05,20,b4,68,77,00,00,8e,R
1478193190.607066,0370,8,00,20,00,00,00,00,00,00,R
1478193190.607311,0440,8,ff,00,00,00,ff,c3,08,00,R
1478193190.611068,04f0,8,00,00,00,80,00,67,d1,13,R
1478193190.612631,0316,8,05,21,6c,09,21,21,00,70,R
1478193190.612868,018f,8,fe,50,00,00,00,3c,00,00,R
1478193190.613098,0260,8,19,21,22,30,08,8e,6d,07,R
1478193190.613334,02a0,8,00,00,95,1c,97,02,bd,00,R
1478193190.613572,0329,8,40,bb,7f,14,11,20,00,14,R
1478193190.613826,0430,8,00,00,00,00,00,00,00,00,R
1478193190.614075,04b1,8,00,00,00,00,00,00,00,00,R
1478193190.614323,01f1,8,08,00,00,00,00,00,00,00,R
1478193190.614561,0153,8,00,21,10,ff,00,ff,00,00,R
1478193190.614813,0002,8,00,00,00,00,00,01,02,7c,R
1478193190.615053,0545,8,d8,00,00,8a,00,00,00,00,R
1478193190.615839,02c0,8,15,00,00,00,00,00,00,00,R
1478193190.616078,0130,8,02,80,00,ff,22,80,02,76,R
1478193190.616312,0131,8,f2,7f,00,00,44,7f,02,64,R
1478193190.616552,0140,8,00,00,00,00,10,27,22,23,R
1478193190.616792,0350,8,05,20,c4,68,77,00,00,fe,R
1478193190.617042,0370,8,00,20,00,00,00,00,00,00,R
1478193190.617283,043f,8,10,40,60,ff,78,c4,08,00,R
1478193190.617527,0440,8,ff,00,00,00,ff,c4,08,00,R
1478193190.619469,00a0,8,5c,84,6c,09,00,1f,02,00,R
1478193190.619707,00a1,8,85,87,00,00,24,00,00,00,R
1478193190.622765,0316,8,05,21,6c,09,21,21,00,70,R
1478193190.623006,018f,8,fe,50,00,00,00,3c,00,00,R
1478193190.623234,0260,8,19,21,22,30,08,8e,6d,18,R
1478193190.623469,02a0,8,20,00,95,1c,97,02,bd,00,R
1478193190.623719,0002,8,00,00,00,00,00,01,03,61,R
1478193190.623957,0153,8,00,21,10,ff,00,ff,00,00,R
1478193190.624200,0130,8,01,80,00,ff,12,80,03,a4,R
1478193190.624437,0131,8,f7,7f,00,00,47,7f,03,c1,R
1478193190.624679,0140,8,00,00,00,00,12,25,23,a5,R
1478193190.624917,0329,8,40,bb,7f,14,11,20,00,14,R
1478193190.625160,0545,8,d8,00,00,8b,00,00,00,00,R
1478193190.625836,02c0,8,15,00,00,00,00,00,00,00,R
1478193190.626564,043f,8,10,40,60,ff,78,c4,08,00,R
1478193190.626802,0350,8,05,20,d4,68,77,00,00,ee,R
1478193190.627052,0370,8,00,20,00,00,00,00,00,00,R
1478193190.627296,0440,8,ff,00,00,00,ff,c4,08,00,R
1478193190.630942,04f0,8,00,00,00,80,00,67,d1,13,R
1478193190.632800,0316,8,05,21,6c,09,21,21,00,70,R
1478193190.633042,018f,8,fe,50,00,00,00,3c,00,00,R
1478193190.633270,0260,8,19,21,22,30,08,8e,6d,29,R
1478193190.633501,02a0,8,40,00,95,1c,97,02,bd,00,R
1478193190.633739,0329,8,40,bb,7f,14,11,20,00,14,R
1478193190.633994,0430,8,00,00,00,00,00,00,00,00,R
1478193190.634243,04b1,8,00,00,00,00,00,00,00,00,R
1478193190.634491,01f1,8,08,00,00,00,00,00,00,00,R
1478193190.634728,0153,8,00,21,10,ff,00,ff,00,00,R
1478193190.634977,0002,8,00,00,00,00,00,01,04,32,R
