1478195721.903877,0545,8,d8,00,00,8a,00,00,00,00,R
1478195721.905736,02b0,5,ff,7f,00,05,49,R,,,
1478195721.908437,0002,8,00,00,00,00,00,01,07,15,R
1478195721.908676,0153,8,00,21,10,ff,00,ff,00,00,R
1478195721.909414,0130,8,19,80,00,ff,fe,7f,07,60,R
1478195721.909660,0131,8,17,80,00,00,65,7f,07,9f,R
1478195721.909905,0140,8,00,00,00,00,02,20,27,a8,R
1478195721.910145,0350,8,05,20,14,68,78,00,00,21,R
1478195721.910389,02c0,8,15,00,00,00,00,00,00,00,R
1478195721.910636,0370,8,00,20,00,00,00,00,00,00,R
1478195721.910878,043f,8,10,40,60,ff,7d,8c,09,00,R
1478195721.911120,0440,8,ff,00,00,00,ff,8c,09,00,R
1478195721.911955,04f0,8,00,00,00,80,00,67,d1,13,R
1478195721.912659,0316,8,05,21,28,0a,21,1e,00,6f,R
1478195721.912901,018f,8,fe,57,00,00,00,41,00,00,R
1478195721.913135,0260,8,18,21,21,30,08,8f,71,05,R
1478195721.913370,02a0,8,04,00,99,1d,97,02,bd,00,R
1478195721.913607,0329,8,0c,b8,7f,14,11,20,00,14,R
1478195721.913844,0545,8,d8,55,00,8c,00,00,00,00,R
1478195721.915732,02b0,5,ff,7f,00,05,7a,R,,,
1478195721.918460,0430,8,00,00,00,00,00,00,00,00,R
1478195721.918689,04b1,8,29,27,27,23,00,00,00,9a,R
1478195721.918936,01f1,8,08,00,00,00,00,00,00,00,R
1478195721.919174,0153,8,00,21,10,ff,00,ff,00,00,R
1478195721.919420,0002,8,00,00,00,00,00,01,08,ae,R
1478195721.919661,00a0,8,58,82,28,0a,00,1f,02,00,R
1478195721.919900,00a1,8,7e,8a,00,00,22,00,00,00,R
1478195721.920138,0350,8,05,20,24,68,78,00,00,11,R
1478195721.920389,02c0,8,15,00,00,00,00,00,00,00,R
1478195721.920631,0130,8,1f,80,00,ff,f7,7f,08,8b,R
1478195721.920871,0131,8,17,80,00,00,68,7f,08,a1,R
1478195721.921109,0140,8,00,00,00,00,04,22,28,8e,R
1478195721.921358,0370,8,00,20,00,00,00,00,00,00,R
1478195721.921601,043f,8,10,40,60,ff,7d,8b,09,00,R
1478195721.921842,0440,8,ff,00,00,00,ff,8b,09,00,R
1478195721.922089,0690,8,00,00,01,00,a0,02,00,00,R
1478195721.922713,0316,8,05,21,28,0a,21,1e,00,6f,R
1478195721.922954,018f,8,fe,57,00,00,00,41,00,00,R
1478195721.923188,0260,8,18,21,21,30,08,8f,70,17,R
1478195721.923424,02a0,8,24,00,99,1d,97,02,bd,00,R
1478195721.923663,0329,8,40,b8,7f,14,11,20,00,14,R
1478195721.923904,0545,8,d8,00,00,8a,00,00,00,00,R
1478195721.925739,02b0,5,ff,7f,00,05,6b,R,,,
1478195721.928435,0002,8,00,00,00,00,00,01,09,b3,R
1478195721.928673,0153,8,00,21,10,ff,00,ff,00,00,R
1478195721.929428,0130,8,1e,80,00,ff,05,80,09,01,R
1478195721.929659,0131,8,fb,7f,00,00,54,7f,09,3c,R
1478195721.929900,0140,8,00,00,00,00,06,26,29,bd,R
1478195721.930140,0350,8,05,20,34,68,78,00,00,01,R
1478195721.930390,02c0,8,15,00,00,00,00,00,00,00,R
1478195721.930640,0370,8,00,20,00,00,00,00,00,00,R
1478195721.930883,043f,8,10,40,60,ff,7d,8d,09,00,R
1478195721.931122,0440,8,ff,00,00,00,ff,8d,09,00,R
1478195721.932011,04f0,8,00,00,00,80,00,67,d1,13,R
1478195721.932855,0316,8,05,21,28,0a,21,1e,00,6f,R
1478195721.933096,018f,8,fe,57,00,00,00,41,00,00,R
1478195721.933333,0260,8,18,21,21,30,08,8f,70,28,R
1478195721.933567,02a0,8,44,00,99,1d,97,02,bd,00,R
1478195721.933806,0329,8,40,b8,7f,14,11,20,00,14,R
1478195721.934050,0545,8,d8,00,00,89,00,00,00,00,R
1478195721.935735,02b0,5,ff,7f,00,05,1c,R,,,
1478195721.938461,0430,8,00,00,00,00,00,00,00,00,R
1478195721.938690,04b1,8,29,27,27,23,00,00,00,9a,R
1478195721.938938,01f1,8,08,00,00,00,00,00,00,00,R
1478195721.939176,0153,8,00,21,10,ff,00,ff,00,00,R
1478195721.939422,0002,8,00,00,00,00,00,01,0a,94,R
1478195721.939658,0350,8,05,20,44,68,78,00,00,71,R
1478195721.939908,0370,8,00,20,00,00,00,00,00,00,R
1478195721.940148,043f,8,10,40,60,ff,7d,8d,09,00,R
1478195721.940398,02c0,8,15,00,00,00,00,00,00,00,R
1478195721.940641,0130,8,15,80,00,ff,1d,80,0a,07,R
1478195721.940875,0131,8,db,7f,00,00,34,7f,0a,24,R
1478195721.941114,0140,8,00,00,00,00,08,25,2a,47,R
1478195721.941353,0440,8,ff,00,00,00,ff,8d,09,00,R
1478195721.942652,0316,8,05,21,28,0a,21,1e,00,6f,R
1478195721.942891,018f,8,fe,57,00,00,00,41,00,00,R
1478195721.943128,0260,8,18,21,21,30,08,8f,70,39,R
1478195721.943364,02a0,8,64,00,99,1d,97,02,bd,00,R
1478195721.943602,0329,8,40,b8,7f,14,11,20,00,14,R
1478195721.943843,0545,8,d8,00,00,8a,00,00,00,00,R
1478195721.944331,05f0,2,00,00,R,,,,,,
1478195721.945742,02b0,5,ff,7f,00,05,0d,R,,,
1478195721.948436,0002,8,00,00,00,00,00,01,0b,89,R
1478195721.948674,0153,8,00,21,10,ff,00,ff,00,00,R
1478195721.949405,0130,8,10,80,00,ff,1d,80,0b,2e,R
1478195721.949636,0131,8,e9,7f,00,00,25,7f,0b,c2,R
1478195721.949878,0140,8,00,00,00,00,0a,20,2b,38,R
1478195721.950116,0350,8,05,20,54,68,78,00,00,61,R
1478195721.950364,02c0,8,15,00,00,00,00,00,00,00,R
1478195721.950614,0370,8,00,20,00,00,00,00,00,00,R
1478195721.950856,043f,8,10,40,60,ff,7d,8c,09,00,R
1478195721.951097,0440,8,ff,00,00,00,ff,8c,09,00,R
1478195721.952177,04f0,8,00,00,00,80,00,67,d1,13,R
1478195721.952648,0316,8,05,21,24,0a,21,1e,00,6f,R
1478195721.952890,018f,8,fe,57,00,00,00,41,00,00,R
1478195721.953123,0260,8,18,21,21,30,08,8f,70,06,R
1478195721.953357,02a0,8,04,00,99,1d,97,02,bd,00,R
1478195721.953595,0329,8,40,b8,7f,14,11,20,00,14,R
1478195721.953831,0545,8,d8,55,00,8b,00,00,00,00,R
1478195721.955754,02b0,5,ff,7f,00,05,3e,R,,,
1478195721.958482,0430,8,00,00,00,00,00,00,00,00,R
1478195721.958707,04b1,8,29,27,27,23,00,00,00,9a,R
1478195721.958957,01f1,8,08,00,00,00,00,00,00,00,R
1478195721.959194,0153,8,00,21,10,ff,00,ff,00,00,R
1478195721.959440,0002,8,00,00,00,00,00,01,0c,da,R
1478195721.959680,0350,8,05,20,64,68,78,00,00,51,R
1478195721.959930,0370,8,00,20,00,00,00,00,00,00,R
1478195721.960172,043f,8,10,40,60,ff,7d,8a,09,00,R
1478195721.960413,0130,8,0f,80,00,ff,0b,80,0c,85,R
1478195721.960649,0131,8,fb,7f,00,00,2d,7f,0c,9e,R
1478195721.960891,0140,8,00,00,00,00,0c,20,2c,6e,R
1478195721.961139,02c0,8,15,00,00,00,00,00,00,00,R
1478195721.961382,0440,8,ff,00,00,00,ff,8a,09,00,R
1478195721.962686,0316,8,05,21,24,0a,21,1e,00,6f,R
1478195721.962928,018f,8,fe,57,00,00,00,41,00,00,R
1478195721.963159,0260,8,18,21,21,30,08,8f,72,15,R
1478195721.963395,02a0,8,24,00,99,1d,97,02,bd,00,R
1478195721.963633,0329,8,40,b8,7f,14,11,20,00,14,R
1478195721.963874,0545,8,d8,00,00,8a,00,00,00,00,R
1478195721.965762,02b0,5,ff,7f,00,05,2f,R,,,
1478195721.968457,0002,8,00,00,00,00,00,01,0d,c7,R
1478195721.968691,0153,8,00,21,10,ff,00,ff,00,00,R
1478195721.969415,0130,8,0b,80,00,ff,05,80,0d,f8,R
1478195721.969648,0131,8,f2,7f,00,00,41,7f,0d,56,R
1478195721.969886,0140,8,00,00,00,00,0e,25,2d,11,R
1478195721.970127,0350,8,05,20,74,68,78,00,00,41,R
1478195721.970377,02c0,8,15,00,00,00,00,00,00,00,R
1478195721.970626,0370,8,00,20,00,00,00,00,00,00,R
1478195721.970869,043f,8,10,40,60,ff,7d,88,09,00,R
1478195721.971112,0440,8,ff,00,00,00,ff,88,09,00,R
1478195721.971995,04f0,8,00,00,00,80,00,67,d1,13,R
1478195721.972820,0316,8,05,21,24,0a,21,1e,00,6f,R
1478195721.973061,018f,8,fe,57,00,00,00,41,00,00,R
1478195721.973293,0260,8,18,21,21,30,08,8f,72,26,R
1478195721.973528,02a0,8,44,00,99,1d,97,02,bd,00,R
1478195721.973766,0329,8,40,b8,7f,14,11,20,00,14,R
1478195721.974016,0545,8,d8,00,00,8b,00,00,00,00,R
1478195721.975770,02b0,5,ff,7f,00,05,d0,R,,,
1478195721.978435,0430,8,00,00,00,00,00,00,00,00,R
1478195721.978667,04b1,8,29,27,27,23,00,00,00,9a,R
1478195721.978915,01f1,8,08,00,00,00,00,00,00,00,R
1478195721.979153,0153,8,00,21,10,ff,00,ff,00,00,R
1478195721.979401,0002,8,00,00,00,00,00,01,0e,e0,R
1478195721.979636,0350,8,05,20,84,68,78,00,00,b1,R
1478195721.979886,0370,8,00,20,00,00,00,00,00,00,R
1478195721.980126,043f,8,10,40,60,ff,7d,8c,09,00,R
1478195721.980376,02c0,8,15,00,00,00,00,00,00,00,R
1478195721.980621,0130,8,03,80,00,ff,14,80,0e,9a,R
1478195721.980852,0131,8,e0,7f,00,00,4d,7f,0e,78,R
1478195721.981093,0140,8,00,00,00,00,10,27,2e,bf,R
1478195721.981335,0440,8,ff,00,00,00,ff,8c,09,00,R
1478195721.982598,0316,8,05,22,24,0a,22,1e,00,6f,R
1478195721.982839,018f,8,fe,57,00,00,00,41,00,00,R
1478195721.983070,0260,8,18,22,22,30,08,8f,73,34,R
1478195721.983306,02a0,8,64,00,99,1d,97,02,bd,00,R
1478195721.983544,0329,8,40,b8,7f,14,11,20,00,14,R
1478195721.983784,0545,8,d8,00,00,8a,00,00,00,00,R
1478195721.985781,02b0,5,ff,7f,00,05,c1,R,,,
1478195721.988423,0002,8,00,00,00,00,00,01,0f,fd,R
1478195721.988661,0153,8,00,21,10,ff,00,ff,00,00,R
1478195721.989415,0130,8,ff,7f,00,ff,1b,80,0f,1a,R
1478195721.989649,0131,8,e9,7f,00,00,4c,7f,0f,65,R
1478195721.989889,0140,8,00,00,00,00,12,25,2f,39,R
1478195721.990124,0350,8,05,20,94,68,78,00,00,a1,R
1478195721.990375,02c0,8,15,00,00,00,00,00,00,00,R
1478195721.990624,0370,8,00,20,00,00,00,00,00,00,R
1478195721.990867,043f,8,10,40,60,ff,7d,8e,09,00,R
1478195721.991105,0440,8,ff,00,00,00,ff,8e,09,00,R
1478195721.992193,04f0,8,00,00,00,80,00,67,d1,13,R
1478195721.992623,0316,8,05,21,24,0a,21,1e,00,6f,R
1478195721.992866,018f,8,fe,57,00,00,00,41,00,00,R
1478195721.993097,0260,8,18,21,21,30,08,8f,72,04,R
1478195721.993332,02a0,8,04,00,99,1d,97,02,bd,00,R
1478195721.993569,0329,8,40,b8,7f,14,11,20,00,14,R
1478195721.993810,0545,8,d8,00,00,8a,00,00,00,00,R
1478195721.994333,05f0,2,00,00,R,,,,,,
1478195721.995784,02b0,5,ff,7f,00,05,f2,R,,,
1478195721.998459,0430,8,00,00,00,00,00,00,00,00,R
1478195721.998688,04b1,8,29,27,27,23,00,00,00,9a,R
1478195721.998936,01f1,8,08,00,00,00,00,00,00,00,R
1478195721.999174,0153,8,00,21,10,ff,00,ff,00,00,R
1478195721.999425,0002,8,00,00,00,00,00,01,00,46,R
1478195721.999658,0350,8,05,20,a4,68,78,00,00,91,R
1478195721.999908,0370,8,00,20,00,00,00,00,00,00,R
1478195722.000151,043f,8,10,40,60,ff,7d,8a,09,00,R
1478195722.000401,02c0,8,15,00,00,00,00,00,00,00,R
1478195722.000643,0130,8,03,80,00,ff,0e,80,00,2b,R
1478195722.000881,0131,8,12,80,00,00,48,7f,00,4d,R
1478195722.001122,0140,8,00,00,00,00,14,21,20,aa,R
1478195722.001364,0440,8,ff,00,00,00,ff,8a,09,00,R
1478195722.002638,0316,8,05,21,24,0a,21,1e,00,6f,R
1478195722.002881,018f,8,fe,57,00,00,00,41,00,00,R
1478195722.003110,0260,8,18,21,21,30,08,8f,72,15,R
1478195722.003347,02a0,8,24,00,99,1d,97,02,bd,00,R
1478195722.003579,0329,8,86,b8,7f,14,11,20,00,14,R
1478195722.003818,0545,8,d8,55,00,8c,00,00,00,00,R
1478195722.005795,02b0,5,ff,7f,00,05,e3,R,,,
1478195722.008443,0002,8,00,00,00,00,00,01,01,5b,R
1478195722.008680,0153,8,00,21,10,ff,00,ff,00,00,R
1478195722.009406,0130,8,0b,80,00,ff,fb,7f,01,a4,R
1478195722.009646,0131,8,20,80,00,00,48,7f,01,3c,R
1478195722.009889,0140,8,00,00,00,00,16,00,21,8d,R
1478195722.010127,0350,8,05,20,b4,68,78,00,00,81,R
1478195722.010377,02c0,8,15,00,00,00,00,00,00,00,R
1478195722.010627,0370,8,00,20,00,00,00,00,00,00,R
1478195722.010867,043f,8,10,40,60,ff,7d,87,09,00,R
1478195722.011104,0440,8,ff,00,00,00,ff,87,09,00,R
1478195722.011953,04f0,8,00,00,00,80,00,67,d1,13,R
1478195722.012579,0316,8,05,22,24,0a,22,1e,00,6f,R
1478195722.012820,018f,8,fe,57,00,00,00,41,00,00,R
1478195722.013052,0260,8,18,22,22,30,08,8f,71,25,R
1478195722.013287,02a0,8,44,00,99,1d,97,02,bd,00,R
1478195722.013519,0329,8,86,b8,7f,14,11,20,00,14,R
1478195722.013762,0545,8,d8,00,00,8b,00,00,00,00,R
1478195722.015802,02b0,5,ff,7f,00,05,94,R,,,
1478195722.018466,0430,8,00,00,00,00,00,00,00,00,R
1478195722.018695,04b1,8,29,27,27,23,00,00,00,9a,R
1478195722.018943,01f1,8,08,00,00,00,00,00,00,00,R
1478195722.019181,0153,8,00,21,10,ff,00,ff,00,00,R
1478195722.019428,0002,8,00,00,00,00,00,02,02,a8,R
1478195722.019666,00a0,8,58,82,24,0a,00,1f,02,00,R
1478195722.019906,00a1,8,7e,8a,00,00,22,00,00,00,R
1478195722.020140,0350,8,05,20,c4,68,78,00,00,f1,R
1478195722.020390,02c0,8,15,00,00,00,00,00,00,00,R
1478195722.020633,0130,8,11,80,00,ff,fc,7f,02,d8,R
1478195722.020874,0131,8,12,80,00,00,46,7f,02,7e,R
1478195722.021117,0140,8,00,00,00,00,02,20,22,c1,R
1478195722.021367,0370,8,00,20,00,00,00,00,00,00,R
1478195722.021609,043f,8,10,40,60,ff,7d,85,09,00,R
1478195722.021850,0440,8,ff,00,00,00,ff,85,09,00,R
1478195722.022098,0690,8,00,00,01,00,a0,02,00,00,R
1478195722.022577,0316,8,05,22,24,0a,22,1e,00,6f,R
1478195722.022818,018f,8,fe,57,00,00,00,41,00,00,R
1478195722.023049,0260,8,18,22,22,30,08,8f,72,35,R
1478195722.023285,02a0,8,64,00,99,1d,97,02,bd,00,R
1478195722.023517,0329,8,86,b8,7f,14,11,20,00,14,R
1478195722.023758,0545,8,d8,00,00,8a,00,00,00,00,R
1478195722.025808,02b0,5,ff,7f,00,05,85,R,,,
1478195722.028450,0002,8,00,00,00,00,00,02,03,b5,R
1478195722.028687,0153,8,00,21,10,ff,00,ff,00,00,R
1478195722.029408,0130,8,10,80,00,ff,13,80,03,cf,R
1478195722.029648,0131,8,00,80,00,00,40,7f,03,65,R
1478195722.029894,0140,8,00,00,00,00,04,00,23,ac,R
1478195722.030129,0350,8,05,20,d4,68,78,00,00,e1,R
1478195722.030379,02c0,8,15,00,00,00,00,00,00,00,R
1478195722.030628,0370,8,00,20,00,00,00,00,00,00,R
1478195722.030868,043f,8,10,40,60,ff,7d,87,09,00,R
1478195722.031106,0440,8,ff,00,00,00,ff,87,09,00,R
1478195722.032001,04f0,8,00,00,00,80,00,67,d1,13,R
1478195722.032583,0316,8,05,22,24,0a,22,1e,00,6f,R
1478195722.032820,018f,8,fe,57,00,00,00,41,00,00,R
1478195722.033052,0260,8,18,22,22,30,08,8f,71,03,R
1478195722.033286,02a0,8,04,00,99,1d,97,02,bd,00,R
1478195722.033518,0329,8,86,b8,7f,14,11,20,00,14,R
1478195722.033759,0545,8,d8,00,00,8a,00,00,00,00,R
1478195722.035814,02b0,5,ff,7f,00,05,b6,R,,,
1478195722.038481,0430,8,00,00,00,00,00,00,00,00,R
1478195722.038711,04b1,8,29,27,27,23,00,00,00,9a,R
1478195722.038959,01f1,8,08,00,00,00,00,00,00,00,R
1478195722.039198,0153,8,00,21,10,ff,00,ff,00,00,R
1478195722.039444,0002,8,00,00,00,00,00,03,04,aa,R
1478195722.039678,0350,8,05,20,e4,68,78,00,00,d1,R
1478195722.039928,0370,8,00,20,00,00,00,00,00,00,R
1478195722.040168,043f,8,10,40,60,ff,7d,88,09,00,R
1478195722.040418,02c0,8,15,00,00,00,00,00,00,00,R
1478195722.040660,0130,8,13,80,00,ff,20,80,04,df,R
1478195722.040904,0131,8,0e,80,00,00,38,7f,04,73,R
1478195722.041143,0140,8,00,00,00,00,02,13,24,9a,R
1478195722.041388,0440,8,ff,00,00,00,ff,88,09,00,R
1478195722.042703,0316,8,05,22,24,0a,22,1e,00,6f,R
1478195722.042944,018f,8,fe,57,00,00,00,41,00,00,R
1478195722.043174,0260,8,18,22,21,30,08,8f,71,15,R
1478195722.043411,02a0,8,24,00,99,1d,97,02,bd,00,R
1478195722.043643,0329,8,86,b8,7f,14,11,20,00,14,R
1478195722.043885,0545,8,d8,00,00,8b,00,00,00,00,R
1478195722.044334,05f0,2,00,00,R,,,,,,
1478195722.045825,02b0,5,ff,7f,00,05,a7,R,,,
1478195722.048464,0002,8,00,00,00,00,00,03,05,b7,R
1478195722.048700,0153,8,00,21,10,ff,00,ff,00,00,R
1478195722.049413,0130,8,17,80,00,ff,18,80,05,8f,R
1478195722.049652,0131,8,12,80,00,00,36,7f,05,65,R
1478195722.049896,0140,8,00,00,00,00,04,03,25,36,R
1478195722.050146,02c0,8,15,00,00,00,00,00,00,00,R
1478195722.050386,0350,8,05,20,f4,68,78,00,00,c1,R
1478195722.050637,0370,8,00,20,00,00,00,00,00,00,R
1478195722.050877,043f,8,10,40,60,ff,7d,88,09,00,R
1478195722.051121,0440,8,ff,00,00,00,ff,88,09,00,R
1478195722.052123,04f0,8,00,00,00,80,00,67,d1,13,R
1478195722.052625,0316,8,05,22,24,0a,22,1e,00,6f,R
1478195722.052867,018f,8,fe,57,00,00,00,41,00,00,R
1478195722.053099,0260,8,18,22,22,30,08,8f,73,23,R
1478195722.053334,02a0,8,44,00,99,1d,97,02,bd,00,R
1478195722.053566,0329,8,86,b8,7f,14,11,20,00,14,R
1478195722.053803,0545,8,d8,55,00,8b,00,00,00,00,R
1478195722.055832,02b0,5,ff,7f,00,05,58,R,,,
1478195722.058449,0430,8,00,00,00,00,00,00,00,00,R
1478195722.058681,04b1,8,29,27,27,23,00,00,00,9a,R
1478195722.058929,01f1,8,08,00,00,00,00,00,00,00,R
1478195722.059167,0153,8,00,21,10,ff,00,ff,00,00,R
1478195722.059414,0002,8,00,00,00,00,00,03,06,90,R
1478195722.059652,0350,8,05,20,04,68,78,00,00,31,R
1478195722.059902,0370,8,00,20,00,00,00,00,00,00,R
1478195722.060144,043f,8,10,40,60,ff,7d,86,09,00,R
1478195722.060394,02c0,8,15,00,00,00,00,00,00,00,R
1478195722.060635,0130,8,18,80,00,ff,0f,80,06,66,R
1478195722.060878,0131,8,00,80,00,00,3a,7f,06,4b,R
1478195722.061117,0140,8,00,00,00,00,06,33,26,d3,R
1478195722.061360,0440,8,ff,00,00,00,ff,86,09,00,R
1478195722.062529,0316,8,05,22,24,0a,22,1e,00,6f,R
1478195722.062770,018f,8,fe,57,00,00,00,41,00,00,R
1478195722.063003,0260,8,18,22,22,30,08,8f,73,34,R
1478195722.063238,02a0,8,64,00,99,1d,97,02,bd,00,R
1478195722.063471,0329,8,86,b8,7f,14,11,20,00,14,R
1478195722.063710,0545,8,d8,00,00,8a,00,00,00,00,R
1478195722.065834,02b0,5,ff,7f,00,05,49,R,,,
1478195722.068430,0002,8,00,00,00,00,00,03,07,8d,R
1478195722.068669,0153,8,00,21,10,ff,00,ff,00,00,R
1478195722.069409,0130,8,18,80,00,ff,18,80,07,e9,R
1478195722.069650,0131,8,00,80,00,00,40,7f,07,11,R
1478195722.069893,0140,8,00,00,00,00,08,22,27,3f,R
1478195722.070144,02c0,8,15,00,00,00,00,00,00,00,R
1478195722.070377,0350,8,05,20,14,68,77,00,00,2e,R
1478195722.070626,0370,8,00,20,00,00,00,00,00,00,R
1478195722.070869,043f,8,10,40,60,ff,7d,86,09,00,R
1478195722.071111,0440,8,ff,00,00,00,ff,86,09,00,R
1478195722.072018,04f0,8,00,00,00,80,00,67,d1,13,R
1478195722.072539,0316,8,05,22,24,0a,22,1e,00,6f,R
1478195722.072781,018f,8,fe,57,00,00,00,41,00,00,R
1478195722.073014,0260,8,18,22,22,30,08,8f,73,01,R
1478195722.073247,02a0,8,04,00,99,1d,97,02,bd,00,R
1478195722.073479,0329,8,86,b8,7f,14,11,20,00,14,R
1478195722.073720,0545,8,d8,00,00,8a,00,00,00,00,R
1478195722.075844,02b0,5,ff,7f,00,05,7a,R,,,
1478195722.078451,0430,8,00,00,00,00,00,00,00,00,R
1478195722.078681,04b1,8,29,27,27,23,00,00,00,9a,R
1478195722.078930,01f1,8,08,00,00,00,00,00,00,00,R
1478195722.079168,0153,8,00,21,10,ff,00,ff,00,00,R
1478195722.079414,0002,8,00,00,00,00,00,03,08,36,R
1478195722.079652,0350,8,05,20,24,68,78,00,00,11,R
1478195722.079903,0370,8,00,20,00,00,00,00,00,00,R
1478195722.080144,043f,8,10,40,60,ff,7d,89,09,00,R
1478195722.080393,02c0,8,15,00,00,00,00,00,00,00,R
1478195722.080633,0130,8,17,80,00,ff,1f,80,08,84,R
1478195722.080872,0131,8,fb,7f,00,00,46,7f,08,3a,R
1478195722.081110,0140,8,00,00,00,00,0a,21,28,53,R
1478195722.081350,0440,8,ff,00,00,00,ff,89,09,00,R
1478195722.082580,0316,8,05,22,24,0a,22,1e,00,6f,R
1478195722.082821,018f,8,fe,57,00,00,00,41,00,00,R
1478195722.083053,0260,8,18,22,22,30,08,8f,73,12,R
1478195722.083289,02a0,8,24,00,99,1d,97,02,bd,00,R
1478195722.083521,0329,8,dc,b8,7f,14,11,20,00,14,R
1478195722.083768,0545,8,d8,00,00,8a,00,00,00,00,R
1478195722.085854,02b0,5,ff,7f,00,05,6b,R,,,
1478195722.088433,0002,8,00,00,00,00,00,03,09,2b,R
1478195722.088669,0153,8,00,21,10,ff,00,ff,00,00,R
1478195722.089406,0130,8,16,80,00,ff,14,80,09,44,R
1478195722.089641,0131,8,fb,7f,00,00,4b,7f,09,a2,R
1478195722.089879,0140,8,00,00,00,00,0c,23,29,d3,R
1478195722.090129,02c0,8,15,00,00,00,00,00,00,00,R
1478195722.090368,0350,8,05,20,34,68,78,00,00,01,R
1478195722.090619,0370,8,00,20,00,00,00,00,00,00,R
1478195722.090863,043f,8,10,40,60,ff,7d,8a,09,00,R
1478195722.091103,0440,8,ff,00,00,00,ff,8a,09,00,R
1478195722.092101,04f0,8,00,00,00,80,00,67,d1,13,R
1478195722.092688,0316,8,05,22,30,0a,22,1e,00,6f,R
1478195722.092930,018f,8,fe,57,00,00,00,41,00,00,R
1478195722.093162,0260,8,18,22,22,30,08,8f,73,23,R
1478195722.093397,02a0,8,44,00,99,1d,97,02,bd,00,R
1478195722.093629,0329,8,dc,b8,7f,14,11,20,00,14,R
1478195722.093868,0545,8,d8,54,00,8a,00,00,00,00,R
1478195722.094334,05f0,2,00,00,R,,,,,,
1478195722.095857,02b0,5,ff,7f,00,05,1c,R,,,
1478195722.098444,0430,8,00,00,00,00,00,00,00,00,R
1478195722.098677,04b1,8,29,27,27,23,00,00,00,9a,R
1478195722.098925,01f1,8,08,00,00,00,00,00,00,00,R
1478195722.099163,0153,8,00,21,10,ff,00,ff,00,00,R
1478195722.099410,0002,8,00,00,00,00,00,03,0a,0c,R
1478195722.099646,0350,8,05,20,44,68,78,00,00,71,R
1478195722.099898,0370,8,00,20,00,00,00,00,00,00,R
1478195722.100147,02c0,8,15,00,00,00,00,00,00,00,R
1478195722.100385,043f,8,10,40,60,ff,7d,87,09,00,R
1478195722.100628,0130,8,12,80,00,ff,02,80,0a,17,R
1478195722.100865,0131,8,f2,7f,00,00,56,7f,0a,97,R
1478195722.101102,0140,8,00,00,00,00,0e,22,2a,bb,R
1478195722.101340,0440,8,ff,00,00,00,ff,87,09,00,R
1478195722.102493,0316,8,05,21,30,0a,21,1e,00,6f,R
1478195722.102734,018f,8,fe,57,00,00,00,41,00,00,R
1478195722.102965,0260,8,18,21,21,30,08,8f,71,38,R
1478195722.103202,02a0,8,64,00,99,1d,97,02,bd,00,R
1478195722.103433,0329,8,dc,b8,7f,14,11,20,00,14,R
1478195722.103676,0545,8,d8,00,00,8b,00,00,00,00,R
1478195722.105867,02b0,5,ff,7f,00,05,0d,R,,,
1478195722.108431,0002,8,00,00,00,00,00,03,0b,11,R
1478195722.108668,0153,8,00,21,10,ff,00,ff,00,00,R
1478195722.109421,0130,8,0e,80,00,ff,07,80,0b,81,R
1478195722.109654,0131,8,ee,7f,00,00,5c,7f,0b,87,R
1478195722.109899,0140,8,00,00,00,00,10,28,2b,75,R
1478195722.110150,02c0,8,15,00,00,00,00,00,00,00,R
1478195722.110385,0350,8,05,20,54,68,78,00,00,61,R
1478195722.110634,0370,8,00,20,00,00,00,00,00,00,R
1478195722.110877,043f,8,10,40,60,ff,7d,85,09,00,R
1478195722.111116,0440,8,ff,00,00,00,ff,85,09,00,R
1478195722.111954,04f0,8,00,00,00,80,00,67,d1,13,R
1478195722.112502,0316,8,05,21,30,0a,21,1e,00,6f,R
1478195722.112744,018f,8,fe,57,00,00,00,41,00,00,R
1478195722.112978,0260,8,18,21,21,30,08,8f,71,05,R
1478195722.113212,02a0,8,04,00,99,1d,97,02,bd,00,R
1478195722.113445,0329,8,dc,b8,7f,14,11,20,00,14,R
1478195722.113687,0545,8,d8,00,00,8b,00,00,00,00,R
1478195722.115878,02b0,5,ff,7f,00,05,3e,R,,,
1478195722.118447,0430,8,00,00,00,00,00,00,00,00,R
1478195722.118677,04b1,8,29,27,27,23,00,00,00,9a,R
1478195722.118925,01f1,8,08,00,00,00,00,00,00,00,R
1478195722.119162,0153,8,00,21,10,ff,00,ff,00,00,R
1478195722.119407,0002,8,00,00,00,00,00,03,0c,42,R
1478195722.119646,00a0,8,58,82,30,0a,00,1f,02,00,R
1478195722.119886,00a1,8,7e,8a,00,00,22,00,00,00,R
1478195722.120136,02c0,8,15,00,00,00,00,00,00,00,R
1478195722.120375,0350,8,05,20,64,68,78,00,00,51,R
1478195722.120613,0130,8,0e,80,00,ff,24,80,0c,6e,R
1478195722.120851,0131,8,00,80,00,00,56,7f,0c,c3,R
1478195722.121092,0140,8,00,00,00,00,12,33,2c,1f,R
1478195722.121342,0370,8,00,20,00,00,00,00,00,00,R
1478195722.121583,043f,8,10,40,60,ff,7d,89,09,00,R
1478195722.121822,0440,8,ff,00,00,00,ff,89,09,00,R
1478195722.122070,0690,8,00,00,01,00,a0,02,00,00,R
1478195722.122549,0316,8,05,21,30,0a,21,1e,00,6f,R
1478195722.122790,018f,8,fe,57,00,00,00,41,00,00,R
1478195722.123023,0260,8,18,21,21,30,08,8f,71,16,R
1478195722.123260,02a0,8,24,00,99,1d,97,02,bd,00,R
1478195722.123492,0329,8,dc,b8,7f,14,11,20,00,14,R
1478195722.123732,0545,8,d8,00,00,8a,00,00,00,00,R
1478195722.125883,02b0,5,ff,7f,00,05,2f,R,,,
1478195722.128423,0002,8,00,00,00,00,00,03,0d,5f,R
1478195722.128659,0153,8,00,21,10,ff,00,ff,00,00,R
1478195722.129405,0130,8,10,80,00,ff,33,80,0d,59,R
1478195722.129639,0131,8,09,80,00,00,4b,7f,0d,cc,R
1478195722.129882,0140,8,00,00,00,00,14,20,2d,67,R
1478195722.130131,02c0,8,15,00,00,00,00,00,00,00,R
1478195722.130371,0350,8,05,20,74,68,78,00,00,41,R
1478195722.130621,0370,8,00,20,00,00,00,00,00,00,R
1478195722.130866,043f,8,10,40,60,ff,7d,8b,09,00,R
1478195722.131105,0440,8,ff,00,00,00,ff,8b,09,00,R
1478195722.132008,04f0,8,00,00,00,80,00,67,d1,13,R
1478195722.132682,0316,8,05,21,30,0a,21,1e,00,6f,R
1478195722.132924,018f,8,fe,57,00,00,00,41,00,00,R
1478195722.133158,0260,8,18,21,21,30,08,8f,71,27,R
1478195722.133393,02a0,8,44,00,99,1d,97,02,bd,00,R
1478195722.133625,0329,8,dc,b8,7f,14,11,20,00,14,R
1478195722.133865,0545,8,d8,00,00,8a,00,00,00,00,R
1478195722.135893,02b0,5,ff,7f,00,05,d0,R,,,
1478195722.138453,0430,8,00,00,00,00,00,00,00,00,R
1478195722.138683,04b1,8,29,27,27,23,00,00,00,9a,R
1478195722.138936,01f1,8,08,00,00,00,00,00,00,00,R
1478195722.139168,0153,8,00,21,10,ff,00,ff,00,00,R
1478195722.139413,0002,8,00,00,00,00,00,03,0e,78,R
1478195722.139647,0350,8,05,20,84,68,78,00,00,b1,R
1478195722.139897,0370,8,00,20,00,00,00,00,00,00,R
1478195722.140147,02c0,8,15,00,00,00,00,00,00,00,R
1478195722.140391,043f,8,10,40,60,ff,7d,8b,09,00,R
1478195722.140629,0130,8,16,80,00,ff,1b,80,0e,91,R
1478195722.140866,0131,8,12,80,00,00,3b,7f,0e,2f,R
1478195722.141107,0140,8,00,00,00,00,16,20,2e,43,R
1478195722.141347,0440,8,ff,00,00,00,ff,8b,09,00,R
1478195722.142457,0316,8,05,21,2c,0a,21,1e,00,6f,R
1478195722.142698,018f,8,fe,57,00,00,00,41,00,00,R
1478195722.142928,0260,8,18,21,21,30,08,8f,71,38,R
1478195722.143165,02a0,8,64,00,99,1d,97,02,bd,00,R
1478195722.143397,0329,8,dc,b8,7f,14,11,20,00,14,R
1478195722.143636,0545,8,d8,55,00,8c,00,00,00,00,R
1478195722.144305,05f0,2,00,00,R,,,,,,
1478195722.145902,02b0,5,ff,7f,00,05,c1,R,,,
1478195722.148437,0002,8,00,00,00,00,00,03,0f,65,R
1478195722.148675,0153,8,00,21,10,ff,00,ff,00,00,R
1478195722.149409,0130,8,18,80,00,ff,01,80,0f,9a,R
1478195722.149647,0131,8,0e,80,00,00,36,7f,0f,b5,R
1478195722.149888,0140,8,00,00,00,00,18,24,2f,7a,R
1478195722.150138,02c0,8,15,00,00,00,00,00,00,00,R
1478195722.150371,0350,8,05,20,94,68,78,00,00,a1,R
1478195722.150621,0370,8,00,20,00,00,00,00,00,00,R
1478195722.150863,043f,8,10,40,60,ff,7d,89,09,00,R
1478195722.151102,0440,8,ff,00,00,00,ff,89,09,00,R
1478195722.152039,04f0,8,00,00,00,80,00,67,d1,13,R
1478195722.152505,0316,8,05,21,2c,0a,21,1e,00,6f,R
1478195722.152747,018f,8,fe,57,00,00,00,41,00,00,R
1478195722.152981,0260,8,18,21,21,30,08,8f,71,05,R
1478195722.153215,02a0,8,04,00,99,1d,97,02,bd,00,R
1478195722.153448,0329,8,dc,b8,7f,14,11,20,00,14,R
1478195722.153690,0545,8,d8,00,00,8c,00,00,00,00,R
1478195722.155906,02b0,5,ff,7f,00,05,f2,R,,,
1478195722.158478,0430,8,00,00,00,00,00,00,00,00,R
1478195722.158706,04b1,8,29,27,27,23,00,00,00,9a,R
1478195722.158954,01f1,8,08,00,00,00,00,00,00,00,R
1478195722.159192,0153,8,00,21,10,ff,00,ff,00,00,R
1478195722.159438,0002,8,00,00,00,00,00,03,00,de,R
1478195722.159673,0350,8,05,20,a4,68,78,00,00,91,R
1478195722.159922,0370,8,00,20,00,00,00,00,00,00,R
1478195722.160172,02c0,8,15,00,00,00,00,00,00,00,R
1478195722.160417,0130,8,17,80,00,ff,fe,7f,00,32,R
1478195722.160659,0131,8,fb,7f,00,00,37,7f,00,15,R
1478195722.160904,0140,8,00,00,00,00,1a,00,20,9a,R
1478195722.161143,043f,8,10,40,60,ff,7d,88,09,00,R
1478195722.161388,0440,8,ff,00,00,00,ff,88,09,00,R
1478195722.162599,0316,8,05,21,2c,0a,21,1e,00,6f,R
1478195722.162840,018f,8,fe,57,00,00,00,41,00,00,R
1478195722.163072,0260,8,18,21,21,30,08,8f,71,16,R
1478195722.163308,02a0,8,24,00,99,1d,97,02,bd,00,R
1478195722.163544,0329,8,0c,b8,7f,14,11,20,00,14,R
1478195722.163784,0545,8,d8,00,00,8a,00,00,00,00,R
1478195722.165915,02b0,5,ff,7f,00,05,e3,R,,,
1478195722.168459,0002,8,00,00,00,00,00,04,01,3a,R
1478195722.168695,0153,8,00,21,10,ff,00,ff,00,00,R
1478195722.169419,0130,8,12,80,00,ff,0b,80,01,5b,R
1478195722.169655,0131,8,ee,7f,00,00,3d,7f,01,8a,R
1478195722.169898,0140,8,00,00,00,00,02,20,21,e6,R
1478195722.170148,02c0,8,15,00,00,00,00,00,00,00,R
1478195722.170385,0350,8,05,20,b4,68,78,00,00,81,R
1478195722.170635,0370,8,00,20,00,00,00,00,00,00,R
1478195722.170876,043f,8,10,40,60,ff,7d,89,09,00,R
1478195722.171116,0440,8,ff,00,00,00,ff,89,09,00,R
1478195722.171996,04f0,8,00,00,00,80,00,67,d1,13,R
1478195722.172639,0316,8,05,21,2c,0a,21,1e,00,6f,R
1478195722.172881,018f,8,fe,57,00,00,00,41,00,00,R
1478195722.173115,0260,8,18,21,21,30,08,8f,71,27,R
1478195722.173349,02a0,8,44,00,99,1d,97,02,bd,00,R
1478195722.173586,0329,8,0c,b8,7f,14,11,20,00,14,R
1478195722.173826,0545,8,d8,00,00,8a,00,00,00,00,R
1478195722.175925,02b0,5,ff,7f,00,05,94,R,,,
1478195722.178461,0430,8,00,00,00,00,00,00,00,00,R
1478195722.178690,04b1,8,29,27,27,23,00,00,00,9a,R
1478195722.178938,01f1,8,08,00,00,00,00,00,00,00,R
1478195722.179177,0153,8,00,21,10,ff,00,ff,00,00,R
1478195722.179425,0002,8,00,00,00,00,00,04,02,1d,R
1478195722.179659,0350,8,05,20,c4,68,78,00,00,f1,R
1478195722.179909,0370,8,00,20,00,00,00,00,00,00,R
1478195722.180159,02c0,8,15,00,00,00,00,00,00,00,R
1478195722.180400,043f,8,10,40,60,ff,7d,8e,09,00,R
1478195722.180638,0130,8,0b,80,00,ff,09,80,02,49,R
1478195722.180875,0131,8,e5,7f,00,00,4d,7f,02,d0,R
1478195722.181120,0140,8,00,00,00,00,04,20,22,c4,R
1478195722.181360,0440,8,ff,00,00,00,ff,8e,09,00,R
1478195722.183220,0316,8,05,21,2c,0a,21,1e,00,6f,R
1478195722.183462,018f,8,fe,57,00,00,00,41,00,00,R
1478195722.183693,0260,8,18,21,21,30,08,8f,71,38,R
1478195722.183929,02a0,8,64,00,99,1d,97,02,bd,00,R
1478195722.184166,0329,8,0c,b8,7f,14,11,20,00,14,R
1478195722.184404,0545,8,d8,54,00,8b,00,00,00,00,R
1478195722.185932,02b0,5,ff,7f,00,05,85,R,,,
1478195722.188450,0002,8,00,00,00,00,00,04,03,00,R
1478195722.188686,0153,8,00,21,10,ff,00,ff,00,00,R
1478195722.189406,0130,8,0b,80,00,ff,ff,7f,03,98,R
1478195722.189642,0131,8,fb,7f,00,00,5b,7f,03,68,R
1478195722.189885,0140,8,00,00,00,00,06,20,23,da,R
1478195722.190135,02c0,8,15,00,00,00,00,00,00,00,R
1478195722.190369,0350,8,05,20,d4,68,78,00,00,e1,R
1478195722.190624,0370,8,00,20,00,00,00,00,00,00,R
1478195722.190860,043f,8,10,40,60,ff,7d,8e,09,00,R
1478195722.191099,0440,8,ff,00,00,00,ff,8e,09,00,R
1478195722.192248,04f0,8,00,00,00,80,00,67,d1,13,R
1478195722.192479,0316,8,05,21,2c,0a,21,1e,00,6f,R
1478195722.192721,018f,8,fe,57,00,00,00,41,00,00,R
1478195722.192954,0260,8,18,21,21,30,08,8f,72,04,R
1478195722.193188,02a0,8,04,00,99,1d,97,02,bd,00,R
1478195722.193424,0329,8,0c,b8,7f,14,11,20,00,14,R
1478195722.193667,0545,8,d8,00,00,8b,00,00,00,00,R
1478195722.194308,05f0,2,00,00,R,,,,,,
1478195722.195937,02b0,5,ff,7f,00,05,b6,R,,,
1478195722.198468,0430,8,00,00,00,00,00,00,00,00,R
1478195722.198699,04b1,8,29,27,27,23,00,00,00,9a,R
1478195722.198947,01f1,8,08,00,00,00,00,00,00,00,R
1478195722.199186,0153,8,00,21,10,ff,00,ff,00,00,R
1478195722.199432,0002,8,00,00,00,00,00,04,04,53,R
1478195722.199666,0350,8,05,20,e4,68,78,00,00,d1,R
1478195722.199917,0370,8,00,20,00,00,00,00,00,00,R
1478195722.200167,02c0,8,15,00,00,00,00,00,00,00,R
1478195722.200407,043f,8,10,40,60,ff,7d,8c,09,00,R
1478195722.200647,0130,8,11,80,00,ff,02,80,04,56,R
1478195722.200893,0131,8,17,80,00,00,60,7f,04,31,R
1478195722.201134,0140,8,00,00,00,00,08,20,24,80,R
1478195722.201376,0440,8,ff,00,00,00,ff,8c,09,00,R
1478195722.202548,0316,8,05,21,2c,0a,21,1e,00,6f,R
1478195722.202789,018f,8,fe,57,00,00,00,41,00,00,R
1478195722.203021,0260,8,18,21,21,30,08,8f,73,14,R
1478195722.203256,02a0,8,24,00,99,1d,97,02,bd,00,R
1478195722.203493,0329,8,0c,b8,7f,14,11,20,00,14,R
1478195722.203734,0545,8,d8,00,00,8b,00,00,00,00,R
1478195722.205946,02b0,5,ff,7f,00,05,a7,R,,,
1478195722.208455,0002,8,00,00,00,00,00,04,05,4e,R
1478195722.208689,0153,8,00,21,10,ff,00,ff,00,00,R
1478195722.209410,0130,8,15,80,00,ff,15,80,05,b0,R
1478195722.209646,0131,8,12,80,00,00,54,7f,05,36,R
1478195722.209889,0140,8,00,00,00,00,0a,00,25,eb,R
1478195722.210138,02c0,8,15,00,00,00,00,00,00,00,R
1478195722.210379,0350,8,05,20,f4,68,78,00,00,c1,R
1478195722.210629,0370,8,00,20,00,00,00,00,00,00,R
1478195722.210870,043f,8,10,40,60,ff,7d,89,09,00,R
1478195722.211109,0440,8,ff,00,00,00,ff,89,09,00,R
1478195722.211983,04f0,8,00,00,00,80,00,67,d1,13,R
1478195722.212610,0316,8,05,21,2c,0a,21,1e,00,6f,R
1478195722.212852,018f,8,fe,57,00,00,00,41,00,00,R
1478195722.213082,0260,8,18,21,22,30,08,8f,73,24,R
1478195722.213316,02a0,8,44,00,99,1d,97,02,bd,00,R
1478195722.213552,0329,8,0c,b8,7f,14,11,20,00,14,R
1478195722.213792,0545,8,d8,00,00,8a,00,00,00,00,R
1478195722.215956,02b0,5,ff,7f,00,05,58,R,,,
1478195722.218442,0430,8,00,00,00,00,00,00,00,00,R
1478195722.218673,04b1,8,29,27,27,23,00,00,00,9a,R
1478195722.218921,01f1,8,08,00,00,00,00,00,00,00,R
1478195722.219159,0153,8,00,21,10,ff,00,ff,00,00,R
1478195722.219405,0002,8,00,00,00,00,00,05,06,25,R
1478195722.219644,00a0,8,58,82,2c,0a,00,1f,02,00,R
1478195722.219884,00a1,8,7e,8a,00,00,22,00,00,00,R
1478195722.220134,02c0,8,15,00,00,00,00,00,00,00,R
1478195722.220372,0350,8,05,20,04,68,78,00,00,31,R
1478195722.220610,0130,8,11,80,00,ff,1d,80,06,f2,R
1478195722.220847,0131,8,f2,7f,00,00,39,7f,06,dd,R
1478195722.221089,0140,8,00,00,00,00,02,21,26,f9,R
1478195722.221339,0370,8,00,20,00,00,00,00,00,00,R
1478195722.221579,043f,8,10,40,60,ff,7d,89,09,00,R
1478195722.221819,0440,8,ff,00,00,00,ff,89,09,00,R
1478195722.222073,0690,8,00,00,00,00,a0,02,00,00,R
1478195722.222405,0316,8,05,21,2c,0a,21,1e,00,6f,R
1478195722.222647,018f,8,fe,57,00,00,00,41,00,00,R
1478195722.222879,0260,8,18,21,21,30,08,8f,73,36,R
1478195722.223115,02a0,8,64,00,99,1d,97,02,bd,00,R
1478195722.223351,0329,8,0c,b8,7f,14,11,20,00,14,R
1478195722.223591,0545,8,d8,00,00,8a,00,00,00,00,R
1478195722.225959,02b0,5,ff,7f,00,05,49,R,,,
1478195722.228423,0002,8,00,00,00,00,00,05,07,38,R
1478195722.228662,0153,8,00,21,10,ff,00,ff,00,00,R
1478195722.229418,0130,8,0f,80,00,ff,08,80,07,c6,R
1478195722.229653,0131,8,f2,7f,00,00,29,7f,07,d8,R
1478195722.229896,0140,8,00,00,00,00,04,25,27,cc,R
1478195722.230132,0350,8,05,20,14,68,78,00,00,21,R
1478195722.230382,02c0,8,15,00,00,00,00,00,00,00,R
1478195722.230632,0370,8,00,20,00,00,00,00,00,00,R
1478195722.230875,043f,8,10,40,60,ff,7d,8a,09,00,R
1478195722.231117,0440,8,ff,00,00,00,ff,8a,09,00,R
1478195722.231969,04f0,8,00,00,00,80,00,67,d1,13,R
1478195722.232464,0316,8,05,21,18,0a,21,1e,00,6f,R
1478195722.232706,018f,8,fe,57,00,00,00,41,00,00,R
1478195722.232938,0260,8,18,21,22,30,08,8f,73,02,R
1478195722.233172,02a0,8,04,00,99,1d,97,02,bd,00,R
1478195722.233409,0329,8,0c,b8,7f,14,11,20,00,14,R
1478195722.233648,0545,8,d8,54,00,8b,00,00,00,00,R
1478195722.235968,02b0,5,ff,7f,00,05,7a,R,,,
1478195722.238439,0430,8,00,00,00,00,00,00,00,00,R
1478195722.238670,04b1,8,29,27,27,23,00,00,00,9a,R
1478195722.238918,01f1,8,08,00,00,00,00,00,00,00,R
1478195722.239157,0153,8,00,21,10,ff,00,ff,00,00,R
1478195722.239405,0002,8,00,00,00,00,00,05,08,83,R
1478195722.239643,0350,8,05,20,24,68,78,00,00,11,R
1478195722.239893,0370,8,00,20,00,00,00,00,00,00,R
1478195722.240143,02c0,8,15,00,00,00,00,00,00,00,R
1478195722.240383,043f,8,10,40,60,ff,7d,88,09,00,R
1478195722.240621,0130,8,10,80,00,ff,eb,7f,08,c5,R
1478195722.240858,0131,8,05,80,00,00,27,7f,08,44,R
1478195722.241106,0140,8,00,00,00,00,06,27,28,ec,R
1478195722.241346,0440,8,ff,00,00,00,ff,88,09,00,R
1478195722.242527,0316,8,05,22,18,0a,22,1e,00,6f,R
1478195722.242763,018f,8,fe,57,00,00,00,41,00,00,R
1478195722.242993,0260,8,18,22,22,30,08,8f,77,1e,R
1478195722.243229,02a0,8,24,00,99,1d,97,02,bd,00,R
1478195722.243467,0329,8,40,b8,7f,14,11,20,00,14,R
1478195722.243709,0545,8,d8,00,00,8c,00,00,00,00,R
1478195722.244306,05f0,2,00,00,R,,,,,,
1478195722.245976,02b0,5,ff,7f,00,05,6b,R,,,
1478195722.248424,0002,8,00,00,00,00,00,05,09,9e,R
1478195722.248660,0153,8,00,21,10,ff,00,ff,00,00,R
1478195722.249405,0130,8,13,80,00,ff,ea,7f,09,b0,R
1478195722.249644,0131,8,0e,80,00,00,30,7f,09,fe,R
1478195722.249888,0140,8,00,00,00,00,08,20,29,01,R
1478195722.250138,02c0,8,15,00,00,00,00,00,00,00,R
1478195722.250379,0350,8,05,20,34,68,78,00,00,01,R
1478195722.250629,0370,8,00,20,00,00,00,00,00,00,R
1478195722.250868,043f,8,10,40,60,ff,7d,87,09,00,R
1478195722.251105,0440,8,ff,00,00,00,ff,87,09,00,R
1478195722.252123,04f0,8,00,00,00,80,00,67,d1,13,R
1478195722.252625,0316,8,05,22,18,0a,22,1e,00,6f,R
1478195722.252868,018f,8,fe,57,00,00,00,41,00,00,R
1478195722.253098,0260,8,18,22,22,30,08,8f,79,2d,R
1478195722.253332,02a0,8,44,00,99,1d,97,02,bd,00,R
1478195722.253570,0329,8,40,b8,7f,14,11,20,00,14,R
1478195722.253811,0545,8,d8,00,00,8a,00,00,00,00,R
1478195722.255984,02b0,5,ff,7f,00,05,1c,R,,,
1478195722.258459,0430,8,00,00,00,00,00,00,00,00,R
1478195722.258689,04b1,8,29,27,27,23,00,00,00,9a,R
1478195722.258938,01f1,8,08,00,00,00,00,00,00,00,R
1478195722.259176,0153,8,00,21,10,ff,00,ff,00,00,R
1478195722.259422,0002,8,00,00,00,00,00,05,0a,b9,R
1478195722.259659,0350,8,05,20,44,68,78,00,00,71,R
1478195722.259909,0370,8,00,20,00,00,00,00,00,00,R
1478195722.260159,02c0,8,15,00,00,00,00,00,00,00,R
1478195722.260402,043f,8,10,40,60,ff,7d,86,09,00,R
1478195722.260643,0130,8,17,80,00,ff,00,80,0a,20,R
1478195722.260883,0131,8,0e,80,00,00,3e,7f,0a,d0,R
1478195722.261124,0140,8,00,00,00,00,0a,00,2a,50,R
1478195722.261366,0440,8,ff,00,00,00,ff,86,09,00,R
1478195722.262364,0316,8,05,22,18,0a,22,1e,00,6f,R
1478195722.262605,018f,8,fe,57,00,00,00,41,00,00,R
1478195722.262836,0260,8,18,22,22,30,08,8f,79,3e,R
1478195722.263072,02a0,8,64,00,99,1d,97,02,bd,00,R
1478195722.263311,0329,8,40,b8,7f,14,11,20,00,14,R
1478195722.263551,0545,8,d8,00,00,8a,00,00,00,00,R
1478195722.265993,02b0,5,ff,7f,00,05,0d,R,,,
1478195722.268440,0002,8,00,00,00,00,00,06,0b,70,R
1478195722.268677,0153,8,00,21,10,ff,00,ff,00,00,R
1478195722.269406,0130,8,13,80,00,ff,0d,80,0b,d1,R
1478195722.269636,0131,8,f7,7f,00,00,4a,7f,0b,ac,R
1478195722.269878,0140,8,00,00,00,00,02,20,2b,34,R
1478195722.270129,02c0,8,15,00,00,00,00,00,00,00,R
1478195722.270365,0350,8,05,20,54,68,78,00,00,61,R
1478195722.270615,0370,8,00,20,00,00,00,00,00,00,R
1478195722.270858,043f,8,10,40,60,ff,7d,85,09,00,R
1478195722.271097,0440,8,ff,00,00,00,ff,85,09,00,R
1478195722.272032,04f0,8,00,00,00,80,00,67,d1,13,R
1478195722.272343,0316,8,05,22,18,0a,22,1e,00,6f,R
1478195722.272585,018f,8,fe,57,00,00,00,41,00,00,R
1478195722.272817,0260,8,18,22,22,30,08,8f,78,0c,R
1478195722.273051,02a0,8,04,00,99,1d,97,02,bd,00,R
1478195722.273291,0329,8,40,b8,7f,14,11,20,00,14,R
1478195722.273532,0545,8,d8,00,00,8b,00,00,00,00,R
1478195722.276002,02b0,5,ff,7f,00,05,3e,R,,,
1478195722.278453,0430,8,00,00,00,00,00,00,00,00,R
1478195722.278682,04b1,8,29,27,27,23,00,00,00,9a,R
1478195722.278930,01f1,8,08,00,00,00,00,00,00,00,R
1478195722.279169,0153,8,00,21,10,ff,00,ff,00,00,R
1478195722.279415,0002,8,00,00,00,00,00,06,0c,23,R
1478195722.279655,0350,8,05,20,64,68,78,00,00,51,R
1478195722.279905,0370,8,00,20,00,00,00,00,00,00,R
1478195722.280155,02c0,8,15,00,00,00,00,00,00,00,R
1478195722.280396,043f,8,10,40,60,ff,7d,85,09,00,R
1478195722.280638,0130,8,0b,80,00,ff,07,80,0c,e6,R
1478195722.280874,0131,8,e5,7f,00,00,52,7f,0c,e8,R
1478195722.281115,0140,8,00,00,00,00,04,29,2c,74,R
1478195722.281355,0440,8,ff,00,00,00,ff,85,09,00,R
1478195722.282426,0316,8,05,22,20,0a,22,1e,00,6f,R
1478195722.282667,018f,8,fe,57,00,00,00,41,00,00,R
1478195722.282899,0260,8,18,22,22,30,08,8f,79,1c,R
1478195722.283135,02a0,8,24,00,99,1d,97,02,bd,00,R
1478195722.283374,0329,8,40,b8,7f,14,11,20,00,14,R
1478195722.283612,0545,8,d8,54,00,8c,00,00,00,00,R
1478195722.286009,02b0,5,ff,7f,00,05,2f,R,,,
1478195722.288434,0002,8,00,00,00,00,00,06,0d,3e,R
1478195722.288671,0153,8,00,21,10,ff,00,ff,00,00,R
1478195722.289423,0130,8,09,80,00,ff,06,80,0d,ce,R
1478195722.289650,0131,8,f7,7f,00,00,4b,7f,0d,6d,R
1478195722.289893,0140,8,00,00,00,00,06,32,2d,50,R
1478195722.290143,02c0,8,15,00,00,00,00,00,00,00,R
1478195722.290384,0350,8,05,20,74,68,78,00,00,41,R
1478195722.290634,0370,8,00,20,00,00,00,00,00,00,R
1478195722.290875,043f,8,10,40,60,ff,7d,83,09,00,R
1478195722.291113,0440,8,ff,00,00,00,ff,83,09,00,R
1478195722.292197,04f0,8,00,00,00,80,00,67,d1,13,R
1478195722.292521,0316,8,05,22,20,0a,22,1e,00,6f,R
1478195722.292765,018f,8,fe,57,00,00,00,41,00,00,R
1478195722.292995,0260,8,18,22,22,30,08,8f,76,20,R
1478195722.293229,02a0,8,44,00,99,1d,97,02,bd,00,R
1478195722.293467,0329,8,40,b8,7f,14,11,20,00,14,R
1478195722.293714,0545,8,d8,00,00,8b,00,00,00,00,R
1478195722.294307,05f0,2,00,00,R,,,,,,
1478195722.296019,02b0,5,ff,7f,00,05,d0,R,,,
1478195722.298440,0430,8,00,00,00,00,00,00,00,00,R
1478195722.298669,04b1,8,29,27,27,23,00,00,00,9a,R
1478195722.298917,01f1,8,08,00,00,00,00,00,00,00,R
1478195722.299155,0153,8,00,21,10,ff,00,ff,00,00,R
1478195722.299401,0002,8,00,00,00,00,00,06,0e,19,R
1478195722.299635,0350,8,05,20,84,68,78,00,00,b1,R
1478195722.299885,0370,8,00,20,00,00,00,00,00,00,R
1478195722.300135,02c0,8,15,00,00,00,00,00,00,00,R
1478195722.300377,043f,8,10,40,60,ff,7d,80,09,00,R
1478195722.300615,0130,8,0e,80,00,ff,15,80,0e,f3,R
1478195722.300853,0131,8,12,80,00,00,34,7f,0e,a9,R
1478195722.301092,0140,8,00,00,00,00,08,21,2e,1e,R
1478195722.301336,0440,8,ff,00,00,00,ff,80,09,00,R
1478195722.302325,0316,8,05,22,20,0a,22,1e,00,6f,R
1478195722.302567,018f,8,fe,57,00,00,00,41,00,00,R
1478195722.302797,0260,8,18,22,22,30,08,8f,76,31,R
1478195722.303034,02a0,8,64,00,99,1d,97,02,bd,00,R
1478195722.303271,0329,8,40,b8,7f,14,11,20,00,14,R
1478195722.303512,0545,8,d8,00,00,8a,00,00,00,00,R
1478195722.306030,02b0,5,ff,7f,00,05,c1,R,,,
1478195722.308425,0002,8,00,00,00,00,00,06,0f,04,R
1478195722.308661,0153,8,00,21,10,ff,00,ff,00,00,R
1478195722.309402,0130,8,15,80,00,ff,1f,80,0f,6d,R
1478195722.309641,0131,8,1b,80,00,00,1e,7f,0f,04,R
1478195722.309883,0140,8,00,00,00,00,0a,22,2f,d4,R
1478195722.310133,02c0,8,15,00,00,00,00,00,00,00,R
1478195722.310367,0350,8,05,20,94,68,78,00,00,a1,R
1478195722.310617,0370,8,00,20,00,00,00,00,00,00,R
1478195722.310858,043f,8,10,40,60,ff,7d,7f,09,00,R
1478195722.311097,0440,8,ff,00,00,00,ff,7f,09,00,R
1478195722.311992,04f0,8,00,00,00,80,00,67,d1,13,R
1478195722.312304,0316,8,05,22,20,0a,22,1e,00,6f,R
1478195722.312546,018f,8,fe,57,00,00,00,41,00,00,R
1478195722.312781,0260,8,18,22,22,30,08,8f,76,0e,R
1478195722.313015,02a0,8,04,00,99,1d,97,02,bd,00,R
1478195722.313253,0329,8,40,b8,7f,14,11,20,00,14,R
1478195722.313493,0545,8,d8,00,00,8a,00,00,00,00,R
1478195722.316035,02b0,5,ff,7f,00,05,f2,R,,,
1478195722.318431,0430,8,00,00,00,00,00,00,00,00,R
1478195722.318660,04b1,8,29,27,27,23,00,00,00,9a,R
1478195722.318908,01f1,8,08,00,00,00,00,00,00,00,R
1478195722.319146,0153,8,00,21,10,ff,00,ff,00,00,R
1478195722.319396,0002,8,00,00,00,00,00,06,00,bf,R
1478195722.319636,00a0,8,58,82,20,0a,00,1f,02,00,R
1478195722.319877,00a1,8,7e,8a,00,00,22,00,00,00,R
1478195722.320127,02c0,8,15,00,00,00,00,00,00,00,R
1478195722.320360,0350,8,05,20,a4,68,78,00,00,91,R
1478195722.320601,0130,8,17,80,00,ff,12,80,00,e9,R
1478195722.320840,0131,8,09,80,00,00,12,7f,00,b6,R
1478195722.321079,0140,8,00,00,00,00,0c,32,20,de,R
1478195722.321330,0370,8,00,20,00,00,00,00,00,00,R
1478195722.321570,043f,8,10,40,60,ff,7d,83,09,00,R
1478195722.321810,0440,8,ff,00,00,00,ff,83,09,00,R
1478195722.322062,0690,8,00,00,00,00,a0,02,00,00,R
1478195722.322387,0316,8,05,22,2c,0a,22,1e,00,6f,R
1478195722.322629,018f,8,fe,57,00,00,00,41,00,00,R
1478195722.322861,0260,8,18,22,22,30,08,8f,75,10,R
1478195722.323097,02a0,8,24,00,99,1d,97,02,bd,00,R
1478195722.323329,0329,8,86,b8,7f,14,11,20,00,14,R
1478195722.323566,0545,8,d8,55,00,8b,00,00,00,00,R
1478195722.326041,02b0,5,ff,7f,00,05,e3,R,,,
1478195722.328417,0002,8,00,00,00,00,00,06,01,a2,R
1478195722.328654,0153,8,00,21,10,ff,00,ff,00,00,R
1478195722.329404,0130,8,12,80,00,ff,f9,7f,01,91,R
1478195722.329640,0131,8,ee,7f,00,00,23,7f,01,9b,R
1478195722.329879,0140,8,00,00,00,00,0e,22,21,74,R
1478195722.330129,02c0,8,15,00,00,00,00,00,00,00,R
1478195722.330367,0350,8,05,20,b4,68,78,00,00,81,R
1478195722.330617,0370,8,00,20,00,00,00,00,00,00,R
1478195722.330860,043f,8,10,40,60,ff,7d,84,09,00,R
1478195722.331105,0440,8,ff,00,00,00,ff,84,09,00,R
1478195722.331356,05a0,8,00,00,00,00,00,00,00,00,R
1478195722.331712,05a2,8,05,00,a5,01,00,00,00,00,R
1478195722.332092,04f0,8,00,00,00,80,00,67,d1,13,R
1478195722.332517,0316,8,05,22,2c,0a,22,1e,00,6f,R
1478195722.332759,018f,8,fe,57,00,00,00,41,00,00,R
1478195722.332988,0260,8,18,22,22,30,08,8f,74,22,R
1478195722.333223,02a0,8,44,00,99,1d,97,02,bd,00,R
1478195722.333455,0329,8,86,b8,7f,14,11,20,00,14,R
1478195722.333697,0545,8,d8,00,00,8b,00,00,00,00,R
1478195722.336050,02b0,5,ff,7f,00,05,94,R,,,
1478195722.338432,0430,8,00,00,00,00,00,00,00,00,R
1478195722.338661,04b1,8,29,27,27,23,00,00,00,9a,R
1478195722.338908,01f1,8,08,00,00,00,00,00,00,00,R
1478195722.339146,0153,8,00,21,10,ff,00,ff,00,00,R
1478195722.339392,0002,8,00,00,00,00,00,06,02,85,R
1478195722.339626,0350,8,05,20,c4,68,78,00,00,f1,R
1478195722.339876,02c0,8,15,00,00,00,00,00,00,00,R
1478195722.340126,0370,8,00,20,00,00,00,00,00,00,R
1478195722.340368,043f,8,10,40,60,ff,7d,85,09,00,R
1478195722.340609,0130,8,10,80,00,ff,f2,7f,02,8c,R
1478195722.340846,0131,8,fb,7f,00,00,44,7f,02,eb,R
1478195722.341087,0140,8,00,00,00,00,10,29,22,cc,R
1478195722.341327,0440,8,ff,00,00,00,ff,85,09,00,R
1478195722.342425,0316,8,05,22,2c,0a,22,1e,00,6f,R
1478195722.342664,018f,8,fe,57,00,00,00,41,00,00,R
1478195722.342893,0260,8,18,22,22,30,08,8f,74,33,R
1478195722.343129,02a0,8,64,00,99,1d,97,02,bd,00,R
1478195722.343361,0329,8,86,b8,7f,14,11,20,00,14,R
1478195722.343608,0545,8,d8,00,00,8b,00,00,00,00,R
1478195722.344308,05f0,2,00,00,R,,,,,,
1478195722.346057,02b0,5,ff,7f,00,05,85,R,,,
1478195722.348417,0002,8,00,00,00,00,00,06,03,98,R
1478195722.348652,0153,8,00,21,10,ff,00,ff,00,00,R
1478195722.349416,0130,8,17,80,00,ff,08,80,03,d9,R
1478195722.349652,0131,8,1b,80,00,00,55,7f,03,78,R
1478195722.349894,0140,8,00,00,00,00,12,00,23,b1,R
1478195722.350145,02c0,8,15,00,00,00,00,00,00,00,R
1478195722.350378,0350,8,05,20,d4,68,78,00,00,e1,R
1478195722.350628,0370,8,00,20,00,00,00,00,00,00,R
1478195722.350884,043f,8,10,40,60,ff,7d,87,09,00,R
1478195722.351106,0440,8,ff,00,00,00,ff,87,09,00,R
1478195722.352135,04f0,8,00,00,00,80,00,67,d1,13,R
1478195722.352369,0316,8,05,22,2c,0a,22,1e,00,6f,R
1478195722.352610,018f,8,fe,57,00,00,00,41,00,00,R
1478195722.352843,0260,8,18,22,22,30,08,8f,73,01,R
1478195722.353077,02a0,8,04,00,99,1d,97,02,bd,00,R
1478195722.353309,0329,8,86,b8,7f,14,11,20,00,14,R
1478195722.353552,0545,8,d8,00,00,8a,00,00,00,00,R
1478195722.356065,02b0,5,ff,7f,00,05,b6,R,,,
1478195722.358466,0430,8,00,00,00,00,00,00,00,00,R
1478195722.358695,04b1,8,29,27,27,23,00,00,00,9a,R
1478195722.358942,01f1,8,08,00,00,00,00,00,00,00,R
1478195722.359181,0153,8,00,21,10,ff,00,ff,00,00,R
1478195722.359428,0002,8,00,00,00,00,00,07,04,87,R
1478195722.359662,0350,8,05,20,e4,68,78,00,00,d1,R
1478195722.359911,02c0,8,15,00,00,00,00,00,00,00,R
1478195722.360162,0370,8,00,20,00,00,00,00,00,00,R
1478195722.360401,043f,8,10,40,60,ff,7d,88,09,00,R
1478195722.360642,0130,8,1e,80,00,ff,1b,80,04,91,R
1478195722.360879,0131,8,1b,80,00,00,55,7f,04,2b,R
1478195722.361124,0140,8,00,00,00,00,02,20,24,8f,R
1478195722.361368,0440,8,ff,00,00,00,ff,88,09,00,R
1478195722.362356,0316,8,05,22,2c,0a,22,1e,00,6f,R
1478195722.362599,018f,8,fe,57,00,00,00,41,00,00,R
1478195722.362831,0260,8,18,22,22,30,08,8f,73,12,R
1478195722.363067,02a0,8,24,00,99,1d,97,02,bd,00,R
1478195722.363300,0329,8,86,b8,7f,14,11,20,00,14,R
1478195722.363540,0545,8,d8,00,00,8a,00,00,00,00,R
1478195722.366077,02b0,5,ff,7f,00,05,a7,R,,,
1478195722.368447,0002,8,00,00,00,00,00,07,05,9a,R
1478195722.368683,0153,8,00,21,10,ff,00,ff,00,00,R
1478195722.369406,0130,8,1f,80,00,ff,0d,80,05,cc,R
1478195722.369642,0131,8,05,80,00,00,53,7f,05,8b,R
1478195722.369886,0140,8,00,00,00,00,04,00,25,e2,R
1478195722.370137,02c0,8,15,00,00,00,00,00,00,00,R
1478195722.370377,0350,8,05,20,f4,68,78,00,00,c1,R
1478195722.370627,0370,8,00,20,00,00,00,00,00,00,R
1478195722.370868,043f,8,10,40,60,ff,7d,89,09,00,R
1478195722.371107,0440,8,ff,00,00,00,ff,89,09,00,R
1478195722.372024,04f0,8,00,00,00,80,00,67,d1,13,R
1478195722.372474,0316,8,05,22,30,0a,22,1e,00,6f,R
1478195722.372716,018f,8,fe,57,00,00,00,41,00,00,R
1478195722.372948,0260,8,18,22,22,30,08,8f,73,23,R
1478195722.373182,02a0,8,44,00,99,1d,97,02,bd,00,R
1478195722.373415,0329,8,86,b8,7f,14,11,20,00,14,R
1478195722.373653,0545,8,d8,55,00,8c,00,00,00,00,R
1478195722.376082,02b0,5,ff,7f,00,05,58,R,,,
1478195722.378466,0430,8,00,00,00,00,00,00,00,00,R
1478195722.378696,04b1,8,29,27,27,23,00,00,00,9a,R
1478195722.378944,01f1,8,08,00,00,00,00,00,00,00,R
1478195722.379182,0153,8,00,21,10,ff,00,ff,00,00,R
1478195722.379428,0002,8,00,00,00,00,00,08,06,1e,R
1478195722.379667,0350,8,05,20,04,68,78,00,00,31,R
1478195722.379917,02c0,8,15,00,00,00,00,00,00,00,R
1478195722.380167,0370,8,00,20,00,00,00,00,00,00,R
1478195722.380410,043f,8,10,40,60,ff,7d,8b,09,00,R
1478195722.380653,0130,8,19,80,00,ff,f4,7f,06,72,R
1478195722.380892,0131,8,e9,7f,00,00,53,7f,06,0e,R
1478195722.381131,0140,8,00,00,00,00,02,12,26,ec,R
1478195722.381371,0440,8,ff,00,00,00,ff,8b,09,00,R
1478195722.382248,0316,8,05,22,30,0a,22,1e,00,6f,R
1478195722.382490,018f,8,fe,57,00,00,00,41,00,00,R
1478195722.382720,0260,8,18,22,22,30,08,8f,71,36,R
1478195722.382956,02a0,8,64,00,99,1d,97,02,bd,00,R
1478195722.383188,0329,8,86,b8,7f,14,11,20,00,14,R
1478195722.383431,0545,8,d8,00,00,8c,00,00,00,00,R
1478195722.386094,02b0,5,ff,7f,00,05,49,R,,,
1478195722.388446,0002,8,00,00,00,00,00,08,07,03,R
1478195722.388684,0153,8,00,21,10,ff,00,ff,00,00,R
1478195722.389397,0350,8,05,20,14,68,78,00,00,21,R
1478195722.389638,0130,8,13,80,00,ff,fa,7f,07,0e,R
1478195722.389873,0131,8,e5,7f,00,00,45,7f,07,b5,R
1478195722.390118,0140,8,00,00,00,00,04,0f,27,7b,R
1478195722.390368,02c0,8,15,00,00,00,00,00,00,00,R
1478195722.390618,0370,8,00,20,00,00,00,00,00,00,R
1478195722.390860,043f,8,10,40,60,ff,7d,8a,09,00,R
1478195722.391104,0440,8,ff,00,00,00,ff,8a,09,00,R
1478195722.392239,04f0,8,00,00,00,80,00,67,d1,13,R
1478195722.392479,018f,8,fe,57,00,00,00,41,00,00,R
1478195722.392711,0260,8,18,22,22,30,08,8f,71,03,R
1478195722.392945,02a0,8,04,00,99,1d,97,02,bd,00,R
1478195722.393178,0316,8,05,22,30,0a,22,1e,00,6f,R
1478195722.393415,0329,8,86,b8,7f,14,11,20,00,14,R
1478195722.393651,0545,8,d8,00,00,8a,00,00,00,00,R
1478195722.394310,05f0,2,00,00,R,,,,,,
1478195722.396097,02b0,5,ff,7f,00,05,7a,R,,,
1478195722.398454,0430,8,00,00,00,00,00,00,00,00,R
1478195722.398684,04b1,8,29,27,27,23,00,00,00,9a,R
1478195722.398932,01f1,8,08,00,00,00,00,00,00,00,R
1478195722.399170,0153,8,00,21,10,ff,00,ff,00,00,R
1478195722.399423,0002,8,00,00,00,00,00,08,08,b8,R
1478195722.399655,0350,8,05,20,24,68,78,00,00,11,R
1478195722.399905,02c0,8,15,00,00,00,00,00,00,00,R
1478195722.400156,0370,8,00,20,00,00,00,00,00,00,R
1478195722.400394,043f,8,10,40,60,ff,7d,87,09,00,R
1478195722.400634,0130,8,0e,80,00,ff,18,80,08,38,R
1478195722.400867,0131,8,ee,7f,00,00,27,7f,08,68,R
1478195722.401111,0140,8,00,00,00,00,06,02,28,f8,R
1478195722.401349,0440,8,ff,00,00,00,ff,87,09,00,R
1478195722.402315,0316,8,05,22,30,0a,22,1e,00,6f,R
1478195722.402558,018f,8,fe,57,00,00,00,41,00,00,R
1478195722.402787,0260,8,18,22,22,30,08,8f,71,14,R
1478195722.403024,02a0,8,24,00,99,1d,97,02,bd,00,R
1478195722.403256,0329,8,dc,b8,7f,14,11,20,00,14,R
1478195722.403496,0545,8,d8,00,00,8a,00,00,00,00,R
1478195722.406107,02b0,5,ff,7f,00,05,6b,R,,,
1478195722.408440,0002,8,00,00,00,00,00,08,09,a5,R
1478195722.408675,0153,8,00,21,10,ff,00,ff,00,00,R
1478195722.409411,0130,8,0e,80,00,ff,27,80,09,8b,R
1478195722.409649,0131,8,00,80,00,00,1c,7f,09,c5,R
1478195722.409891,0140,8,00,00,00,00,08,05,29,15,R
1478195722.410142,02c0,8,15,00,00,00,00,00,00,00,R
1478195722.410382,0350,8,05,20,34,68,78,00,00,01,R
1478195722.410632,0370,8,00,20,00,00,00,00,00,00,R
1478195722.410875,043f,8,10,40,60,ff,7d,85,09,00,R
1478195722.411114,0440,8,ff,00,00,00,ff,85,09,00,R
1478195722.411970,04f0,8,00,00,00,80,00,67,d1,13,R
1478195722.412466,0316,8,05,21,30,0a,21,1e,00,6f,R
1478195722.412708,018f,8,fe,57,00,00,00,41,00,00,R
1478195722.412941,0260,8,18,21,22,30,08,8f,70,27,R
1478195722.413175,02a0,8,44,00,99,1d,97,02,bd,00,R
1478195722.413408,0329,8,dc,b8,7f,14,11,20,00,14,R
1478195722.413651,0545,8,d8,00,00,8b,00,00,00,00,R
1478195722.416114,02b0,5,ff,7f,00,05,1c,R,,,
1478195722.418441,0430,8,00,00,00,00,00,00,00,00,R
1478195722.418672,04b1,8,29,27,27,23,00,00,00,9a,R
1478195722.418919,01f1,8,08,00,00,00,00,00,00,00,R
1478195722.419156,0153,8,00,21,10,ff,00,ff,00,00,R
1478195722.419406,0002,8,00,00,00,00,00,08,0a,82,R
1478195722.419644,00a0,8,58,82,30,0a,00,1f,02,00,R
1478195722.419883,00a1,8,7e,8a,00,00,22,00,00,00,R
1478195722.420133,02c0,8,15,00,00,00,00,00,00,00,R
1478195722.420369,0350,8,05,20,44,68,78,00,00,71,R
1478195722.420607,0130,8,11,80,00,ff,1c,80,0a,e1,R
1478195722.420846,0131,8,0e,80,00,00,2b,7f,0a,41,R
1478195722.421085,0140,8,00,00,00,00,0a,12,2a,7c,R
1478195722.421335,0370,8,00,20,00,00,00,00,00,00,R
1478195722.421576,043f,8,10,40,60,ff,7d,88,09,00,R
1478195722.421820,0440,8,ff,00,00,00,ff,88,09,00,R
1478195722.422073,0690,8,00,00,00,00,a0,02,00,00,R
1478195722.422303,0316,8,05,22,28,0a,22,1e,00,6f,R
1478195722.422544,018f,8,fe,57,00,00,00,41,00,00,R
1478195722.422776,0260,8,18,22,22,30,08,8f,71,36,R
1478195722.423010,02a0,8,64,00,99,1d,97,02,bd,00,R
1478195722.423242,0329,8,dc,b8,7f,14,11,20,00,14,R
1478195722.423480,0545,8,d8,55,00,8c,00,00,00,00,R
1478195722.426110,02b0,5,ff,7f,00,05,0d,R,,,
1478195722.428418,0002,8,00,00,00,00,00,08,0b,9f,R
1478195722.428655,0153,8,00,21,10,ff,00,ff,00,00,R
1478195722.429385,0350,8,05,20,54,68,78,00,00,61,R
1478195722.429623,0130,8,15,80,00,ff,16,80,0b,9a,R
1478195722.429859,0131,8,0e,80,00,00,42,7f,0b,8f,R
1478195722.430099,0140,8,00,00,00,00,0c,14,2b,d1,R
1478195722.430349,02c0,8,15,00,00,00,00,00,00,00,R
1478195722.430599,0370,8,00,20,00,00,00,00,00,00,R
1478195722.430859,043f,8,10,40,60,ff,7d,89,09,00,R
1478195722.431081,0440,8,ff,00,00,00,ff,89,09,00,R
1478195722.432034,04f0,8,00,00,00,80,00,67,d1,13,R
1478195722.432264,0316,8,05,22,28,0a,22,1e,00,6f,R
1478195722.432506,018f,8,fe,57,00,00,00,41,00,00,R
1478195722.432738,0260,8,18,22,22,30,08,8f,71,03,R
1478195722.432972,02a0,8,04,00,99,1d,97,02,bd,00,R
1478195722.433205,0329,8,dc,b8,7f,14,11,20,00,14,R
1478195722.433445,0545,8,d8,00,00,8a,00,00,00,00,R
1478195722.436121,02b0,5,ff,7f,00,05,3e,R,,,
1478195722.438434,0430,8,00,00,00,00,00,00,00,00,R
1478195722.438664,04b1,8,29,27,27,23,00,00,00,9a,R
1478195722.438912,01f1,8,08,00,00,00,00,00,00,00,R
1478195722.439150,0153,8,00,21,10,ff,00,ff,00,00,R
1478195722.439400,0002,8,00,00,00,00,00,08,0c,cc,R
1478195722.439640,0350,8,05,20,64,68,78,00,00,51,R
1478195722.439890,0370,8,00,20,00,00,00,00,00,00,R
1478195722.440140,02c0,8,15,00,00,00,00,00,00,00,R
1478195722.440382,043f,8,10,40,60,ff,7d,8a,09,00,R
1478195722.440623,0130,8,13,80,00,ff,22,80,0c,34,R
1478195722.440869,0131,8,fb,7f,00,00,53,7f,0c,df,R
1478195722.441102,0140,8,00,00,00,00,0e,33,2c,0d,R
1478195722.441344,0440,8,ff,00,00,00,ff,8a,09,00,R
