1478191030.045114,0316,8,05,22,68,09,22,20,00,75,R
1478191030.045353,018f,8,fe,3b,00,00,00,3c,00,00,R
1478191030.045580,0260,8,19,22,22,30,ff,8f,6e,3f,R
1478191030.045815,02a0,8,60,00,83,1d,96,02,bd,00,R
1478191030.046043,0329,8,dc,b8,7e,14,11,20,00,14,R
1478191030.046288,0545,8,d8,00,00,83,00,00,00,00,R
1478191030.048193,02c0,8,15,00,00,00,00,00,00,00,R
1478191030.050885,0002,8,00,00,00,00,00,07,09,06,R
1478191030.051119,0153,8,00,21,10,ff,00,ff,00,00,R
1478191030.051806,0130,8,03,80,00,ff,2e,80,09,ee,R
1478191030.052049,0131,8,00,80,00,00,3e,7f,09,f6,R
1478191030.052295,0140,8,00,00,00,00,04,00,29,7e,R
1478191030.053265,043f,8,00,40,60,ff,70,ac,08,00,R
1478191030.053515,0370,8,00,20,00,00,00,00,00,00,R
1478191030.053757,0440,8,ff,00,00,00,ff,ac,08,00,R
1478191030.054274,0350,8,05,20,44,68,72,00,00,7b,R
1478191030.054949,04f0,8,00,00,00,80,00,67,d1,13,R
1478191030.055174,0316,8,05,22,68,09,22,20,00,75,R
1478191030.055414,018f,8,fe,3b,00,00,00,3c,00,00,R
1478191030.055647,0260,8,19,22,22,30,ff,8f,6e,0c,R
1478191030.055886,02a0,8,00,00,83,1d,96,02,bd,00,R
1478191030.056118,0329,8,dc,b8,7e,14,11,20,00,14,R
1478191030.056363,0545,8,d8,00,00,83,00,00,00,00,R
1478191030.058173,02c0,8,15,00,00,00,00,00,00,00,R
1478191030.060914,0430,8,00,00,00,00,00,00,00,00,R
1478191030.061157,04b1,8,00,00,00,00,00,00,00,00,R
1478191030.061405,01f1,8,08,00,00,00,00,00,00,00,R
1478191030.061644,0153,8,00,21,10,ff,00,ff,00,00,R
1478191030.061892,0002,8,00,00,00,00,00,08,0a,82,R
1478191030.062813,0130,8,02,80,00,ff,22,80,0a,9e,R
1478191030.063050,0131,8,fb,7f,00,00,38,7f,0a,41,R
1478191030.063290,0140,8,00,00,00,00,02,12,2a,70,R
1478191030.063542,0370,8,00,20,00,00,00,00,00,00,R
1478191030.063784,043f,8,00,40,60,ff,70,aa,08,00,R
1478191030.064023,0440,8,ff,00,00,00,ff,aa,08,00,R
1478191030.064307,0350,8,05,20,54,68,73,00,00,6a,R
1478191030.064555,0690,8,00,00,01,00,a0,02,00,00,R
1478191030.065173,0316,8,05,22,6c,09,22,20,00,75,R
1478191030.065410,018f,8,fe,3b,00,00,00,3c,00,00,R
1478191030.065638,0260,8,19,22,22,30,ff,8f,6e,1d,R
1478191030.065876,02a0,8,20,00,83,1d,96,02,bd,00,R
1478191030.066110,0329,8,0c,b8,7e,14,11,20,00,14,R
1478191030.066350,0545,8,d8,59,00,84,00,00,00,00,R
1478191030.067627,05f0,2,01,00,R,,,,,,
1478191030.068167,02c0,8,15,00,00,00,00,00,00,00,R
1478191030.070894,0002,8,00,00,00,00,00,08,0b,9f,R
1478191030.071131,0153,8,00,21,10,ff,00,ff,00,00,R
1478191030.071813,0130,8,05,80,00,ff,34,80,0b,10,R
1478191030.072053,0131,8,09,80,00,00,37,7f,0b,c0,R
1478191030.072299,0140,8,00,00,00,00,04,0f,2b,e7,R
1478191030.073241,043f,8,00,40,60,ff,70,a8,08,00,R
1478191030.073487,0370,8,00,20,00,00,00,00,00,00,R
1478191030.073730,0440,8,ff,00,00,00,ff,a8,08,00,R
1478191030.074240,0350,8,05,20,64,68,73,00,00,5a,R
1478191030.074914,04f0,8,00,00,00,80,00,67,d1,13,R
1478191030.075254,0316,8,05,22,6c,09,22,20,00,75,R
1478191030.075496,018f,8,fe,3b,00,00,00,3c,00,00,R
1478191030.075724,0260,8,19,22,22,30,ff,8f,6f,2d,R
1478191030.075960,02a0,8,40,00,83,1d,96,02,bd,00,R
1478191030.076195,0329,8,0c,b8,7e,14,11,20,00,14,R
1478191030.076437,0545,8,d8,00,00,85,00,00,00,00,R
1478191030.078164,02c0,8,15,00,00,00,00,00,00,00,R
1478191030.080908,0430,8,00,00,00,00,00,00,00,00,R
1478191030.081146,04b1,8,00,00,00,00,00,00,00,00,R
1478191030.081394,01f1,8,08,00,00,00,00,00,00,00,R
1478191030.081632,0153,8,00,21,10,ff,00,ff,00,00,R
1478191030.081882,0002,8,00,00,00,00,00,08,0c,cc,R
1478191030.082126,00a0,8,5d,82,6c,09,00,1f,02,00,R
1478191030.082362,00a1,8,80,83,00,00,24,00,00,00,R
1478191030.082809,0130,8,08,80,00,ff,4f,80,0c,6d,R
1478191030.083045,0131,8,0e,80,00,00,34,7f,0c,91,R
1478191030.083287,0140,8,00,00,00,00,06,02,2c,8c,R
1478191030.083537,0370,8,00,20,00,00,00,00,00,00,R
1478191030.083779,043f,8,00,40,60,ff,70,a8,08,00,R
1478191030.084024,0440,8,ff,00,00,00,ff,a8,08,00,R
1478191030.084263,0350,8,05,20,74,68,73,00,00,4a,R
1478191030.085122,0316,8,05,22,6c,09,22,20,00,75,R
1478191030.085363,018f,8,fe,3b,00,00,00,3c,00,00,R
1478191030.085596,0260,8,19,22,22,30,ff,8f,6f,3e,R
1478191030.085830,02a0,8,60,00,83,1d,96,02,bd,00,R
1478191030.086066,0329,8,0c,b8,7e,14,11,20,00,14,R
1478191030.086314,0545,8,d8,00,00,85,00,00,00,00,R
1478191030.088156,02c0,8,15,00,00,00,00,00,00,00,R
1478191030.090884,0002,8,00,00,00,00,00,08,0d,d1,R
1478191030.091120,0153,8,00,21,10,ff,00,ff,00,00,R
1478191030.091800,0130,8,0a,80,00,ff,51,80,0d,db,R
1478191030.092037,0131,8,09,80,00,00,2c,7f,0d,16,R
1478191030.092282,0140,8,00,00,00,00,08,05,2d,61,R
1478191030.093242,043f,8,00,40,60,ff,70,ac,08,00,R
1478191030.093492,0370,8,00,20,00,00,00,00,00,00,R
1478191030.093734,0440,8,ff,00,00,00,ff,ac,08,00,R
1478191030.094241,0350,8,05,20,84,68,73,00,00,ba,R
1478191030.095063,0316,8,05,22,6c,09,22,20,00,75,R
1478191030.095304,018f,8,fe,3b,00,00,00,3c,00,00,R
1478191030.095531,0260,8,19,22,22,30,ff,8f,6f,0b,R
1478191030.095770,02a0,8,00,00,83,1d,96,02,bd,00,R
1478191030.096004,0329,8,0c,b8,7e,14,11,20,00,14,R
1478191030.096247,04f0,8,00,00,00,80,00,67,d1,13,R
1478191030.096489,0545,8,d8,00,00,84,00,00,00,00,R
1478191030.098343,02c0,8,15,00,00,00,00,00,00,00,R
1478191030.100895,0430,8,00,00,00,00,00,00,00,00,R
1478191030.101139,04b1,8,00,00,00,00,00,00,00,00,R
1478191030.101390,01f1,8,08,00,00,00,00,00,00,00,R
1478191030.101627,0153,8,00,21,10,ff,00,ff,00,00,R
1478191030.101874,0002,8,00,00,00,00,00,08,0e,f6,R
1478191030.102809,0130,8,0b,80,00,ff,35,80,0e,f7,R
1478191030.103052,0131,8,00,80,00,00,24,7f,0e,b2,R
1478191030.103289,0140,8,00,00,00,00,0a,12,2e,08,R
1478191030.103537,0370,8,00,20,00,00,00,00,00,00,R
1478191030.103775,043f,8,00,40,60,ff,70,ad,08,00,R
1478191030.104014,0440,8,ff,00,00,00,ff,ad,08,00,R
1478191030.104253,0350,8,05,20,94,68,73,00,00,aa,R
1478191030.105234,0316,8,05,22,6c,09,22,20,00,75,R
1478191030.105475,018f,8,fe,3b,00,00,00,3c,00,00,R
1478191030.105703,0260,8,19,22,22,30,ff,8f,6f,1c,R
1478191030.105942,02a0,8,20,00,83,1d,96,02,bd,00,R
1478191030.106176,0329,8,0c,b8,7e,14,11,20,00,14,R
1478191030.106420,0545,8,d8,00,00,83,00,00,00,00,R
1478191030.108333,02c0,8,15,00,00,00,00,00,00,00,R
1478191030.110878,0002,8,00,00,00,00,00,08,0f,eb,R
1478191030.111115,0153,8,00,21,10,ff,00,ff,00,00,R
1478191030.111808,0130,8,0b,80,00,ff,1f,80,0f,d5,R
1478191030.112047,0131,8,00,80,00,00,29,7f,0f,2a,R
1478191030.112289,0140,8,00,00,00,00,0c,14,2f,a5,R
1478191030.113237,043f,8,00,40,60,ff,70,ad,08,00,R
1478191030.113491,0370,8,00,20,00,00,00,00,00,00,R
1478191030.113730,0440,8,ff,00,00,00,ff,ad,08,00,R
1478191030.114246,0350,8,05,20,a4,68,73,00,00,9a,R
1478191030.114848,04f0,8,00,00,00,80,00,67,d1,13,R
1478191030.115260,0316,8,05,22,68,09,22,20,00,75,R
1478191030.115499,018f,8,fe,3b,00,00,00,3c,00,00,R
1478191030.115727,0260,8,19,22,22,30,ff,8f,6f,2d,R
1478191030.115964,02a0,8,40,00,83,1d,96,02,bd,00,R
1478191030.116197,0329,8,0c,b8,7e,14,11,20,00,14,R
1478191030.116436,0545,8,d8,59,00,85,00,00,00,00,R
1478191030.117631,05f0,2,01,00,R,,,,,,
1478191030.118321,02c0,8,15,00,00,00,00,00,00,00,R
1478191030.120884,0430,8,00,00,00,00,00,00,00,00,R
1478191030.121130,04b1,8,00,00,00,00,00,00,00,00,R
1478191030.121378,01f1,8,08,00,00,00,00,00,00,00,R
1478191030.121616,0153,8,00,21,10,ff,00,ff,00,00,R
1478191030.121870,0002,8,00,00,00,00,00,08,00,50,R
1478191030.122812,0130,8,0b,80,00,ff,23,80,00,4c,R
1478191030.123053,0131,8,00,80,00,00,38,7f,00,06,R
1478191030.123295,0140,8,00,00,00,00,0e,33,20,91,R
1478191030.123545,0370,8,00,20,00,00,00,00,00,00,R
1478191030.123784,043f,8,00,40,60,ff,70,ab,08,00,R
1478191030.124023,0440,8,ff,00,00,00,ff,ab,08,00,R
1478191030.124261,0350,8,05,20,b4,68,73,00,00,8a,R
1478191030.125094,0316,8,05,22,68,09,22,20,00,75,R
1478191030.125333,018f,8,fe,3b,00,00,00,3c,00,00,R
1478191030.125566,0260,8,19,22,22,30,ff,8f,6f,3e,R
1478191030.125797,02a0,8,60,00,83,1d,96,02,bd,00,R
1478191030.126031,0329,8,0c,b8,7e,14,11,20,00,14,R
1478191030.126273,0545,8,d8,00,00,85,00,00,00,00,R
1478191030.128310,02c0,8,15,00,00,00,00,00,00,00,R
1478191030.130872,0002,8,00,00,00,00,00,08,01,4d,R
1478191030.131111,0153,8,00,21,10,ff,00,ff,00,00,R
1478191030.131815,0130,8,0f,80,00,ff,3b,80,01,2c,R
1478191030.132052,0131,8,0e,80,00,00,40,7f,01,5e,R
1478191030.132296,0140,8,00,00,00,00,10,02,21,10,R
1478191030.133241,043f,8,00,40,60,ff,70,aa,08,00,R
1478191030.133487,0370,8,00,20,00,00,00,00,00,00,R
1478191030.133729,0440,8,ff,00,00,00,ff,aa,08,00,R
1478191030.134246,0350,8,05,20,c4,68,73,00,00,fa,R
1478191030.134951,04f0,8,00,00,00,80,00,67,d1,13,R
1478191030.135193,018f,8,fe,3b,00,00,00,3c,00,00,R
1478191030.135421,0260,8,19,22,22,30,ff,8f,6f,0b,R
1478191030.135659,02a0,8,00,00,83,1d,96,02,bd,00,R
1478191030.135896,0316,8,05,22,68,09,22,20,00,75,R
1478191030.136123,0329,8,0c,b8,7e,14,11,20,00,14,R
1478191030.136366,0545,8,d8,00,00,85,00,00,00,00,R
1478191030.138297,02c0,8,15,00,00,00,00,00,00,00,R
1478191030.140895,0430,8,00,00,00,00,00,00,00,00,R
1478191030.141131,04b1,8,00,00,00,00,00,00,00,00,R
1478191030.141379,01f1,8,08,00,00,00,00,00,00,00,R
1478191030.141617,0153,8,00,21,10,ff,00,ff,00,00,R
1478191030.141863,0002,8,00,00,00,00,00,08,02,6a,R
1478191030.142810,0130,8,12,80,00,ff,45,80,02,15,R
1478191030.143049,0131,8,0e,80,00,00,3e,7f,02,38,R
1478191030.143300,0140,8,00,00,00,00,12,0f,22,0f,R
1478191030.143550,0370,8,00,20,00,00,00,00,00,00,R
1478191030.143788,043f,8,00,40,60,ff,70,ab,08,00,R
1478191030.144028,0440,8,ff,00,00,00,ff,ab,08,00,R
1478191030.144264,0350,8,05,20,d4,68,73,00,00,ea,R
1478191030.145103,0316,8,05,22,68,09,22,20,00,75,R
1478191030.145345,018f,8,fe,3b,00,00,00,3c,00,00,R
1478191030.145573,0260,8,19,22,22,30,ff,8f,6f,1c,R
1478191030.145811,02a0,8,20,00,83,1d,96,02,bd,00,R
1478191030.146045,0329,8,40,b8,7e,14,11,20,00,14,R
1478191030.146291,0545,8,d8,00,00,83,00,00,00,00,R
1478191030.148289,02c0,8,15,00,00,00,00,00,00,00,R
1478191030.150878,0002,8,00,00,00,00,00,08,03,77,R
1478191030.151101,0153,8,00,21,10,ff,00,ff,00,00,R
1478191030.151801,0130,8,11,80,00,ff,33,80,03,a2,R
1478191030.152040,0131,8,00,80,00,00,34,7f,03,2b,R
1478191030.152283,0140,8,00,00,00,00,14,13,23,d4,R
1478191030.153227,043f,8,00,40,60,ff,70,ad,08,00,R
1478191030.153477,0370,8,00,20,00,00,00,00,00,00,R
1478191030.153718,0440,8,ff,00,00,00,ff,ad,08,00,R
1478191030.154242,0350,8,05,20,e4,68,73,00,00,da,R
1478191030.154909,04f0,8,00,00,00,80,00,67,d1,13,R
1478191030.155268,0316,8,05,22,68,09,22,20,00,75,R
1478191030.155510,018f,8,fe,3b,00,00,00,3c,00,00,R
1478191030.155738,0260,8,19,22,22,30,ff,8f,6f,2d,R
1478191030.155974,02a0,8,40,00,83,1d,96,02,bd,00,R
1478191030.156209,0329,8,40,b8,7e,14,11,20,00,14,R
1478191030.156453,0545,8,d8,00,00,83,00,00,00,00,R
1478191030.158088,02c0,8,15,00,00,00,00,00,00,00,R
1478191030.160927,0430,8,00,00,00,00,00,00,00,00,R
1478191030.161165,04b1,8,00,00,00,00,00,00,00,00,R
1478191030.161410,01f1,8,08,00,00,00,00,00,00,00,R
1478191030.161648,0153,8,00,21,10,ff,00,ff,00,00,R
1478191030.161895,0002,8,00,00,00,00,00,08,04,24,R
1478191030.162805,0130,8,0b,80,00,ff,24,80,04,b2,R
1478191030.163040,0131,8,e9,7f,00,00,31,7f,04,67,R
1478191030.163282,0140,8,00,00,00,00,16,03,24,30,R
1478191030.163532,0370,8,00,20,00,00,00,00,00,00,R
1478191030.163773,043f,8,00,40,60,ff,70,ac,08,00,R
1478191030.164015,0440,8,ff,00,00,00,ff,ac,08,00,R
1478191030.164253,0350,8,05,20,f4,68,73,00,00,ca,R
1478191030.164499,0690,8,00,00,01,00,a0,02,00,00,R
1478191030.165062,0316,8,05,22,68,09,22,20,00,75,R
1478191030.165304,018f,8,fe,3b,00,00,00,3c,00,00,R
1478191030.165536,0260,8,19,22,22,30,ff,8f,6f,3e,R
1478191030.165770,02a0,8,60,00,83,1d,96,02,bd,00,R
1478191030.166004,0329,8,40,b8,7e,14,11,20,00,14,R
1478191030.166247,0545,8,d8,59,00,85,00,00,00,00,R
1478191030.167633,05f0,2,01,00,R,,,,,,
1478191030.168091,02c0,8,15,00,00,00,00,00,00,00,R
1478191030.170906,0002,8,00,00,00,00,00,08,05,39,R
1478191030.171145,0153,8,00,21,10,ff,00,ff,00,00,R
1478191030.171812,0130,8,08,80,00,ff,2f,80,05,c8,R
1478191030.172052,0131,8,f2,7f,00,00,3b,7f,05,f9,R
1478191030.172293,0140,8,00,00,00,00,18,08,25,aa,R
1478191030.173276,043f,8,00,40,60,ff,70,aa,08,00,R
1478191030.173528,0370,8,00,20,00,00,00,00,00,00,R
1478191030.173767,0440,8,ff,00,00,00,ff,aa,08,00,R
1478191030.174233,0350,8,05,20,04,68,73,00,00,3a,R
1478191030.174927,04f0,8,00,00,00,80,00,67,d1,13,R
1478191030.175168,018f,8,fe,3b,00,00,00,3c,00,00,R
1478191030.175396,0260,8,19,22,22,30,ff,8f,6f,0b,R
1478191030.175634,02a0,8,00,00,83,1d,96,02,bd,00,R
1478191030.175864,0316,8,05,22,68,09,22,20,00,75,R
1478191030.176098,0329,8,40,b8,7e,14,11,20,00,14,R
1478191030.176343,0545,8,d8,00,00,85,00,00,00,00,R
1478191030.178075,02c0,8,15,00,00,00,00,00,00,00,R
1478191030.180916,0430,8,00,00,00,00,00,00,00,00,R
1478191030.181158,04b1,8,00,00,00,00,00,00,00,00,R
1478191030.181405,01f1,8,08,00,00,00,00,00,00,00,R
1478191030.181644,0153,8,00,21,10,ff,00,ff,00,00,R
1478191030.181890,0002,8,00,00,00,00,00,08,06,1e,R
1478191030.182130,00a0,8,5d,82,68,09,00,1f,02,00,R
1478191030.182372,00a1,8,80,83,00,00,24,00,00,00,R
1478191030.182805,0130,8,0b,80,00,ff,3c,80,06,9c,R
1478191030.183040,0131,8,0e,80,00,00,47,7f,06,87,R
1478191030.183285,0140,8,00,00,00,00,1a,33,26,c1,R
1478191030.183535,0370,8,00,20,00,00,00,00,00,00,R
1478191030.183773,043f,8,00,40,60,ff,70,a7,08,00,R
1478191030.184014,0440,8,ff,00,00,00,ff,a7,08,00,R
1478191030.184250,0350,8,05,20,14,68,73,00,00,2a,R
1478191030.185070,0316,8,05,22,68,09,22,20,00,75,R
1478191030.185312,018f,8,fe,3b,00,00,00,3c,00,00,R
1478191030.185540,0260,8,19,22,22,30,ff,8f,6f,1c,R
1478191030.185778,02a0,8,20,00,83,1d,96,02,bd,00,R
1478191030.186013,0329,8,40,b8,7e,14,11,20,00,14,R
1478191030.186255,0545,8,d8,00,00,84,00,00,00,00,R
1478191030.188072,02c0,8,15,00,00,00,00,00,00,00,R
1478191030.190904,0002,8,00,00,00,00,00,08,07,03,R
1478191030.191136,0153,8,00,21,10,ff,00,ff,00,00,R
1478191030.191812,0130,8,0d,80,00,ff,30,80,07,58,R
1478191030.192058,0131,8,09,80,00,00,40,7f,07,9e,R
1478191030.192294,0140,8,00,00,00,00,1c,07,27,35,R
1478191030.193284,043f,8,00,40,60,ff,70,a9,08,00,R
1478191030.193534,0370,8,00,20,00,00,00,00,00,00,R
1478191030.193776,0440,8,ff,00,00,00,ff,a9,08,00,R
1478191030.194255,0350,8,05,20,24,68,72,00,00,1b,R
1478191030.195184,04f0,8,00,00,00,80,00,67,d1,13,R
1478191030.195426,018f,8,fe,3b,00,00,00,3c,00,00,R
1478191030.195653,0260,8,19,22,22,30,ff,8f,6f,2d,R
1478191030.195889,02a0,8,40,00,83,1d,96,02,bd,00,R
1478191030.196120,0316,8,05,22,68,09,22,20,00,75,R
1478191030.196354,0329,8,40,b8,7e,14,11,20,00,14,R
1478191030.196598,0545,8,d8,00,00,83,00,00,00,00,R
1478191030.198059,02c0,8,15,00,00,00,00,00,00,00,R
1478191030.200922,0430,8,00,00,00,00,00,00,00,00,R
1478191030.201155,04b1,8,00,00,00,00,00,00,00,00,R
1478191030.201399,01f1,8,08,00,00,00,00,00,00,00,R
1478191030.201638,0153,8,00,21,10,ff,00,ff,00,00,R
1478191030.201885,0002,8,00,00,00,00,00,08,08,b8,R
1478191030.202810,0130,8,0b,80,00,ff,0c,80,08,12,R
1478191030.203044,0131,8,fb,7f,00,00,2d,7f,08,ea,R
1478191030.203288,0140,8,00,00,00,00,1e,0d,28,4f,R
1478191030.203538,0370,8,00,20,00,00,00,00,00,00,R
1478191030.203779,043f,8,00,40,60,ff,70,aa,08,00,R
1478191030.204021,0440,8,ff,00,00,00,ff,aa,08,00,R
1478191030.204258,0350,8,05,20,34,68,72,00,00,0b,R
1478191030.205098,0316,8,05,22,68,09,22,20,00,75,R
1478191030.205339,018f,8,fe,3b,00,00,00,3c,00,00,R
1478191030.205571,0260,8,19,22,22,30,ff,8f,6f,3e,R
1478191030.205805,02a0,8,60,00,83,1d,96,02,bd,00,R
1478191030.206040,0329,8,40,b8,7e,14,11,20,00,14,R
1478191030.206285,0545,8,d8,00,00,84,00,00,00,00,R
1478191030.208051,02c0,8,15,00,00,00,00,00,00,00,R
1478191030.210886,0002,8,00,00,00,00,00,08,09,a5,R
1478191030.211121,0153,8,00,21,10,ff,00,ff,00,00,R
1478191030.211809,0130,8,0a,80,00,ff,fe,7f,09,98,R
1478191030.212041,0131,8,fb,7f,00,00,24,7f,09,74,R
1478191030.212283,0140,8,00,00,00,00,20,02,29,d0,R
1478191030.213280,043f,8,00,40,60,ff,70,a9,08,00,R
1478191030.213530,0370,8,00,20,00,00,00,00,00,00,R
1478191030.213772,0440,8,ff,00,00,00,ff,a9,08,00,R
1478191030.214214,0350,8,05,20,44,68,73,00,00,7a,R
1478191030.214907,04f0,8,00,00,00,80,00,67,d1,13,R
1478191030.215134,0260,8,19,22,22,30,ff,8f,6f,0b,R
1478191030.215376,018f,8,fe,3b,00,00,00,3c,00,00,R
1478191030.215614,02a0,8,00,00,83,1d,96,02,bd,00,R
1478191030.215846,0316,8,05,22,60,09,22,20,00,75,R
1478191030.216080,0329,8,40,b8,7e,14,11,20,00,14,R
1478191030.216319,0545,8,d8,58,00,85,00,00,00,00,R
1478191030.217634,05f0,2,01,00,R,,,,,,
1478191030.218048,02c0,8,15,00,00,00,00,00,00,00,R
1478191030.220891,0430,8,00,00,00,00,00,00,00,00,R
1478191030.221131,04b1,8,00,00,00,00,00,00,00,00,R
1478191030.221378,01f1,8,08,00,00,00,00,00,00,00,R
1478191030.221616,0153,8,00,21,10,ff,00,ff,00,00,R
1478191030.221865,0002,8,00,00,00,00,00,08,0a,82,R
1478191030.222807,0130,8,0b,80,00,ff,0e,80,0a,2b,R
1478191030.223047,0131,8,05,80,00,00,29,7f,0a,77,R
1478191030.223289,0140,8,00,00,00,00,22,08,2a,36,R
1478191030.223539,0370,8,00,20,00,00,00,00,00,00,R
1478191030.223777,043f,8,00,40,60,ff,70,a7,08,00,R
1478191030.224017,0440,8,ff,00,00,00,ff,a7,08,00,R
1478191030.224253,0350,8,05,20,54,68,73,00,00,6a,R
1478191030.225071,0316,8,05,22,60,09,22,20,00,75,R
1478191030.225312,018f,8,fe,3b,00,00,00,3c,00,00,R
1478191030.225544,0260,8,19,22,22,30,ff,8f,74,18,R
1478191030.225782,02a0,8,20,00,83,1d,96,02,bd,00,R
1478191030.226021,0329,8,87,b8,7e,14,11,20,00,14,R
1478191030.226261,0545,8,d8,00,00,85,00,00,00,00,R
1478191030.228033,02c0,8,15,00,00,00,00,00,00,00,R
1478191030.230880,0002,8,00,00,00,00,00,08,0b,9f,R
1478191030.231109,0153,8,00,21,10,ff,00,ff,00,00,R
1478191030.231810,0130,8,0f,80,00,ff,24,80,0b,60,R
1478191030.232045,0131,8,0e,80,00,00,34,7f,0b,c2,R
1478191030.232288,0140,8,00,00,00,00,24,00,2b,74,R
1478191030.233234,043f,8,00,40,60,ff,70,a5,08,00,R
1478191030.233484,0370,8,00,20,00,00,00,00,00,00,R
1478191030.233728,0440,8,ff,00,00,00,ff,a5,08,00,R
1478191030.234242,0350,8,05,20,64,68,73,00,00,5a,R
1478191030.235059,04f0,8,00,00,00,80,00,67,d1,13,R
1478191030.235471,0316,8,05,22,60,09,22,20,00,75,R
1478191030.235713,018f,8,fe,3b,00,00,00,3c,00,00,R
1478191030.235941,0260,8,19,22,22,30,ff,8f,74,29,R
1478191030.236182,02a0,8,40,00,83,1d,96,02,bd,00,R
1478191030.236415,0329,8,87,b8,7e,14,11,20,00,14,R
1478191030.236658,0545,8,d8,00,00,85,00,00,00,00,R
1478191030.238041,02c0,8,15,00,00,00,00,00,00,00,R
1478191030.240895,0430,8,00,00,00,00,00,00,00,00,R
1478191030.241134,04b1,8,00,00,00,00,00,00,00,00,R
1478191030.241381,01f1,8,08,00,00,00,00,00,00,00,R
1478191030.241619,0153,8,00,21,10,ff,00,ff,00,00,R
1478191030.241867,0002,8,00,00,00,00,00,09,0c,80,R
1478191030.242805,0130,8,10,80,00,ff,2a,80,0c,df,R
1478191030.243043,0131,8,05,80,00,00,3a,7f,0c,ad,R
1478191030.243283,0140,8,00,00,00,00,02,27,2c,9e,R
1478191030.243533,0370,8,00,20,00,00,00,00,00,00,R
1478191030.243774,043f,8,00,40,60,ff,70,a6,08,00,R
1478191030.244016,0440,8,ff,00,00,00,ff,a6,08,00,R
1478191030.244253,0350,8,05,20,74,68,73,00,00,4a,R
1478191030.244984,0316,8,05,22,60,09,22,20,00,75,R
1478191030.245225,018f,8,fe,3b,00,00,00,3c,00,00,R
1478191030.245453,0260,8,19,22,22,30,ff,8f,74,3a,R
1478191030.245693,02a0,8,60,00,83,1d,96,02,bd,00,R
1478191030.245922,0329,8,87,b8,7e,14,11,20,00,14,R
1478191030.246169,0545,8,d8,00,00,83,00,00,00,00,R
1478191030.248013,02c0,8,15,00,00,00,00,00,00,00,R
1478191030.250887,0002,8,00,00,00,00,00,09,0d,9d,R
1478191030.251109,0153,8,00,21,10,ff,00,ff,00,00,R
1478191030.251813,0130,8,10,80,00,ff,19,80,0d,66,R
1478191030.252052,0131,8,00,80,00,00,32,7f,0d,88,R
1478191030.252297,0140,8,00,00,00,00,04,20,2d,7f,R
1478191030.253235,043f,8,00,40,60,ff,70,a7,08,00,R
1478191030.253485,0370,8,00,20,00,00,00,00,00,00,R
1478191030.253725,0440,8,ff,00,00,00,ff,a7,08,00,R
1478191030.254164,0350,8,05,20,84,68,73,00,00,ba,R
1478191030.254831,04f0,8,00,00,00,80,00,67,d1,13,R
1478191030.255060,0316,8,05,22,60,09,22,20,00,75,R
1478191030.255302,018f,8,fe,3b,00,00,00,3c,00,00,R
1478191030.255534,0260,8,19,22,22,30,ff,8f,74,07,R
1478191030.255772,02a0,8,00,00,83,1d,96,02,bd,00,R
1478191030.256007,0329,8,87,b8,7e,14,11,20,00,14,R
1478191030.256249,0545,8,d8,00,00,84,00,00,00,00,R
1478191030.258000,02c0,8,15,00,00,00,00,00,00,00,R
1478191030.260914,0430,8,00,00,00,00,00,00,00,00,R
1478191030.261156,04b1,8,00,00,00,00,00,00,00,00,R
1478191030.261401,01f1,8,08,00,00,00,00,00,00,00,R
1478191030.261644,0153,8,00,21,10,ff,00,ff,00,00,R
1478191030.261887,0002,8,00,00,00,00,00,09,0e,ba,R
1478191030.262814,0130,8,11,80,00,ff,0d,80,0e,02,R
1478191030.263051,0131,8,05,80,00,00,1e,7f,0e,a1,R
1478191030.263290,0140,8,00,00,00,00,06,21,2e,17,R
1478191030.263540,0370,8,00,20,00,00,00,00,00,00,R
1478191030.263785,043f,8,00,40,60,ff,70,a8,08,00,R
1478191030.264027,0440,8,ff,00,00,00,ff,a8,08,00,R
1478191030.264267,0350,8,05,20,94,68,73,00,00,aa,R
1478191030.264518,0690,8,00,00,00,00,a0,02,00,00,R
1478191030.264989,0316,8,05,22,6c,09,22,20,00,75,R
1478191030.265232,018f,8,fe,3b,00,00,00,3c,00,00,R
1478191030.265464,0260,8,19,22,22,30,ff,8f,74,18,R
1478191030.265702,02a0,8,20,00,83,1d,96,02,bd,00,R
1478191030.265936,0329,8,87,b8,7e,14,11,20,00,14,R
1478191030.266174,0545,8,d8,56,00,85,00,00,00,00,R
1478191030.267632,05f0,2,01,00,R,,,,,,
1478191030.267993,02c0,8,15,00,00,00,00,00,00,00,R
1478191030.270895,0002,8,00,00,00,00,00,09,0f,a7,R
1478191030.271128,0153,8,00,21,10,ff,00,ff,00,00,R
1478191030.271802,0130,8,12,80,00,ff,20,80,0f,4d,R
1478191030.272041,0131,8,05,80,00,00,16,7f,0f,b0,R
1478191030.272287,0140,8,00,00,00,00,08,28,2f,15,R
1478191030.273238,043f,8,00,40,60,ff,70,a7,08,00,R
1478191030.273488,0370,8,00,20,00,00,00,00,00,00,R
1478191030.273728,0440,8,ff,00,00,00,ff,a7,08,00,R
1478191030.274156,0350,8,05,20,a4,68,73,00,00,9a,R
1478191030.274924,04f0,8,00,00,00,80,00,67,d1,13,R
1478191030.275154,0316,8,05,22,6c,09,22,20,00,75,R
1478191030.275397,018f,8,fe,3b,00,00,00,3c,00,00,R
1478191030.275625,0260,8,19,22,22,30,ff,8f,71,2c,R
1478191030.275861,02a0,8,40,00,83,1d,96,02,bd,00,R
1478191030.276100,0329,8,87,b8,7e,14,11,20,00,14,R
1478191030.276341,0545,8,d8,00,00,85,00,00,00,00,R
1478191030.277989,02c0,8,15,00,00,00,00,00,00,00,R
1478191030.280911,0430,8,00,00,00,00,00,00,00,00,R
1478191030.281149,04b1,8,00,00,00,00,00,00,00,00,R
1478191030.281396,01f1,8,08,00,00,00,00,00,00,00,R
1478191030.281634,0153,8,00,21,10,ff,00,ff,00,00,R
1478191030.281885,0002,8,00,00,00,00,00,09,00,1c,R
1478191030.282123,00a0,8,5d,82,6c,09,00,1f,02,00,R
1478191030.282365,00a1,8,80,83,00,00,24,00,00,00,R
1478191030.282809,0130,8,0f,80,00,ff,3d,80,00,34,R
1478191030.283043,0131,8,f2,7f,00,00,19,7f,00,a3,R
1478191030.283283,0140,8,00,00,00,00,0a,26,20,42,R
1478191030.283534,0370,8,00,20,00,00,00,00,00,00,R
1478191030.283774,043f,8,00,40,60,ff,70,a6,08,00,R
1478191030.284016,0440,8,ff,00,00,00,ff,a6,08,00,R
1478191030.284252,0350,8,05,20,b4,68,73,00,00,8a,R
1478191030.284953,0316,8,05,22,6c,09,22,20,00,75,R
1478191030.285195,018f,8,fe,3b,00,00,00,3c,00,00,R
1478191030.285423,0260,8,19,22,22,30,ff,8f,71,3d,R
1478191030.285657,02a0,8,60,00,83,1d,96,02,bd,00,R
1478191030.285891,0329,8,87,b8,7e,14,11,20,00,14,R
1478191030.286138,0545,8,d8,00,00,84,00,00,00,00,R
1478191030.287981,02c0,8,15,00,00,00,00,00,00,00,R
1478191030.290896,0002,8,00,00,00,00,00,09,01,01,R
1478191030.291126,0153,8,00,21,10,ff,00,ff,00,00,R
1478191030.291804,0130,8,07,80,00,ff,3a,80,01,71,R
1478191030.292038,0131,8,e0,7f,00,00,1a,7f,01,31,R
1478191030.292281,0140,8,00,00,00,00,0c,29,21,f9,R
1478191030.293245,043f,8,00,40,60,ff,70,a8,08,00,R
1478191030.293495,0370,8,00,20,00,00,00,00,00,00,R
1478191030.293739,0440,8,ff,00,00,00,ff,a8,08,00,R
1478191030.294154,0350,8,05,20,c4,68,73,00,00,fa,R
1478191030.294888,04f0,8,00,00,00,80,00,67,d1,13,R
1478191030.295128,018f,8,fe,3b,00,00,00,3c,00,00,R
1478191030.295356,0260,8,19,22,22,30,ff,8f,71,0a,R
1478191030.295594,02a0,8,00,00,83,1d,96,02,bd,00,R
1478191030.295826,0316,8,05,22,6c,09,22,20,00,75,R
1478191030.296064,0329,8,87,b8,7e,14,11,20,00,14,R
1478191030.296306,0545,8,d8,00,00,84,00,00,00,00,R
1478191030.298170,02c0,8,15,00,00,00,00,00,00,00,R
1478191030.300900,0430,8,00,00,00,00,00,00,00,00,R
1478191030.301135,04b1,8,00,00,00,00,00,00,00,00,R
1478191030.301381,01f1,8,08,00,00,00,00,00,00,00,R
1478191030.301619,0153,8,00,21,10,ff,00,ff,00,00,R
1478191030.301866,0002,8,00,00,00,00,00,09,02,26,R
1478191030.302814,0130,8,00,80,00,ff,16,80,02,e2,R
1478191030.303040,0131,8,e5,7f,00,00,17,7f,02,a7,R
1478191030.303280,0140,8,00,00,00,00,0e,29,22,dd,R
1478191030.303531,0370,8,00,20,00,00,00,00,00,00,R
1478191030.303769,043f,8,00,40,60,ff,70,ab,08,00,R
1478191030.304015,0440,8,ff,00,00,00,ff,ab,08,00,R
1478191030.304251,0350,8,05,20,d4,68,73,00,00,ea,R
1478191030.305023,0316,8,05,22,6c,09,22,20,00,75,R
1478191030.305266,018f,8,fe,3b,00,00,00,3c,00,00,R
1478191030.305492,0260,8,19,22,22,30,ff,8f,71,1b,R
1478191030.305728,02a0,8,20,00,83,1d,96,02,bd,00,R
1478191030.305960,0329,8,dc,b8,7e,14,11,20,00,14,R
1478191030.306202,0545,8,d8,00,00,84,00,00,00,00,R
1478191030.308140,02c0,8,15,00,00,00,00,00,00,00,R
1478191030.310880,0002,8,00,00,00,00,00,09,03,3b,R
1478191030.311122,0153,8,00,21,10,ff,00,ff,00,00,R
1478191030.311812,0130,8,fe,7f,00,ff,07,80,03,c9,R
1478191030.312047,0131,8,f7,7f,00,00,1c,7f,03,39,R
1478191030.312289,0140,8,00,00,00,00,10,33,23,a7,R
1478191030.313232,043f,8,00,40,60,ff,70,aa,08,00,R
1478191030.313482,0370,8,00,20,00,00,00,00,00,00,R
1478191030.313724,0440,8,ff,00,00,00,ff,aa,08,00,R
1478191030.314141,0350,8,05,20,e4,68,73,00,00,da,R
1478191030.314845,04f0,8,00,00,00,80,00,67,d1,13,R
1478191030.315093,0316,8,05,22,74,09,22,20,00,75,R
1478191030.315335,018f,8,fe,3b,00,00,00,3c,00,00,R
1478191030.315563,0260,8,19,22,22,30,ff,8f,71,2c,R
1478191030.315799,02a0,8,40,00,83,1d,96,02,bd,00,R
1478191030.316031,0329,8,dc,b8,7e,14,11,20,00,14,R
1478191030.316270,0545,8,d8,56,00,84,00,00,00,00,R
1478191030.317634,05f0,2,01,00,R,,,,,,
1478191030.318143,02c0,8,15,00,00,00,00,00,00,00,R
1478191030.320886,0430,8,00,00,00,00,00,00,00,00,R
1478191030.321133,04b1,8,00,00,00,00,00,00,00,00,R
1478191030.321380,01f1,8,08,00,00,00,00,00,00,00,R
1478191030.321619,0153,8,00,21,10,ff,00,ff,00,00,R
1478191030.321869,0002,8,00,00,00,00,00,09,04,68,R
1478191030.322812,0130,8,02,80,00,ff,18,80,04,1f,R
1478191030.323054,0131,8,12,80,00,00,31,7f,04,f2,R
1478191030.323294,0140,8,00,00,00,00,12,23,24,43,R
1478191030.323546,0370,8,00,20,00,00,00,00,00,00,R
1478191030.323784,043f,8,00,40,60,ff,70,a9,08,00,R
1478191030.324025,0440,8,ff,00,00,00,ff,a9,08,00,R
1478191030.324266,0350,8,05,20,f4,68,73,00,00,ca,R
1478191030.324930,0316,8,05,22,74,09,22,20,00,75,R
1478191030.325166,018f,8,fe,3b,00,00,00,3c,00,00,R
1478191030.325400,0260,8,19,22,22,30,ff,8f,70,3e,R
1478191030.325635,02a0,8,60,00,83,1d,96,02,bd,00,R
1478191030.325867,0329,8,dc,b8,7e,14,11,20,00,14,R
1478191030.326109,0545,8,d8,00,00,85,00,00,00,00,R
1478191030.328135,02c0,8,15,00,00,00,00,00,00,00,R
1478191030.330871,0002,8,00,00,00,00,00,09,05,75,R
1478191030.331106,0153,8,00,21,10,ff,00,ff,00,00,R
1478191030.331798,0130,8,07,80,00,ff,30,80,05,0a,R
1478191030.332038,0131,8,12,80,00,00,42,7f,05,2b,R
1478191030.332276,0140,8,00,00,00,00,14,22,25,17,R
1478191030.333231,043f,8,00,40,60,ff,71,aa,08,00,R
1478191030.333485,0370,8,00,20,00,00,00,00,00,00,R
1478191030.333727,0440,8,ff,00,00,00,ff,aa,08,00,R
1478191030.334140,0350,8,05,20,04,68,73,00,00,3a,R
1478191030.334854,0316,8,05,22,74,09,22,20,00,75,R
1478191030.335092,018f,8,fe,3b,00,00,00,3c,00,00,R
1478191030.335326,0260,8,19,22,22,30,ff,8f,70,0b,R
1478191030.335564,02a0,8,00,00,83,1d,96,02,bd,00,R
1478191030.335796,0329,8,dc,b8,7e,14,11,20,00,14,R
1478191030.336038,04f0,8,00,00,00,80,00,67,d1,13,R
1478191030.336280,0545,8,d8,00,00,85,00,00,00,00,R
1478191030.338119,02c0,8,15,00,00,00,00,00,00,00,R
1478191030.340880,0430,8,00,00,00,00,00,00,00,00,R
1478191030.341125,04b1,8,00,00,00,00,00,00,00,00,R
1478191030.341373,01f1,8,08,00,00,00,00,00,00,00,R
1478191030.341611,0153,8,00,21,10,ff,00,ff,00,00,R
1478191030.341858,0002,8,00,00,00,00,00,09,06,52,R
1478191030.342802,0130,8,09,80,00,ff,31,80,06,a3,R
1478191030.343040,0131,8,09,80,00,00,47,7f,06,09,R
1478191030.343285,0140,8,00,00,00,00,16,22,26,33,R
1478191030.343533,0370,8,00,20,00,00,00,00,00,00,R
1478191030.343772,043f,8,00,40,60,ff,71,ac,08,00,R
1478191030.344015,0440,8,ff,00,00,00,ff,ac,08,00,R
1478191030.344250,0350,8,05,20,14,68,73,00,00,2a,R
1478191030.344892,0316,8,05,22,74,09,22,20,00,75,R
1478191030.345133,018f,8,fe,3b,00,00,00,3c,00,00,R
1478191030.345365,0260,8,19,22,22,30,ff,8f,70,1c,R
1478191030.345603,02a0,8,20,00,83,1d,96,02,bd,00,R
1478191030.345836,0329,8,dc,b8,7e,14,11,20,00,14,R
1478191030.346081,0545,8,d8,00,00,84,00,00,00,00,R
1478191030.348118,02c0,8,15,00,00,00,00,00,00,00,R
1478191030.350864,0002,8,00,00,00,00,00,09,07,4f,R
1478191030.351098,0153,8,00,21,10,ff,00,ff,00,00,R
1478191030.351801,0130,8,09,80,00,ff,21,80,07,a6,R
1478191030.352055,0131,8,00,80,00,00,3f,7f,07,df,R
1478191030.352292,0140,8,00,00,00,00,18,27,27,46,R
1478191030.353240,043f,8,00,40,60,ff,71,ae,08,00,R
1478191030.353490,0370,8,00,20,00,00,00,00,00,00,R
1478191030.353734,0440,8,ff,00,00,00,ff,ae,08,00,R
1478191030.354128,0350,8,05,20,24,68,73,00,00,1a,R
1478191030.354814,04f0,8,00,00,00,80,00,67,d1,13,R
1478191030.355060,0316,8,05,22,74,09,22,20,00,75,R
1478191030.355302,018f,8,fe,3b,00,00,00,3c,00,00,R
1478191030.355535,0260,8,19,22,22,30,ff,8f,70,2d,R
1478191030.355769,02a0,8,40,00,83,1d,96,02,bd,00,R
1478191030.356000,0329,8,dc,b8,7e,14,11,20,00,14,R
1478191030.356243,0545,8,d8,00,00,84,00,00,00,00,R
1478191030.357918,02c0,8,15,00,00,00,00,00,00,00,R
1478191030.360875,0430,8,00,00,00,00,00,00,00,00,R
1478191030.361122,04b1,8,00,00,00,00,00,00,00,00,R
1478191030.361369,01f1,8,08,00,00,00,00,00,00,00,R
1478191030.361608,0153,8,00,21,10,ff,00,ff,00,00,R
1478191030.361852,0002,8,00,00,00,00,00,09,08,f4,R
1478191030.362807,0130,8,0b,80,00,ff,23,80,08,a4,R
1478191030.363053,0131,8,09,80,00,00,36,7f,08,68,R
1478191030.363293,0140,8,00,00,00,00,1a,00,28,72,R
1478191030.363543,0370,8,00,20,00,00,00,00,00,00,R
1478191030.363783,043f,8,00,40,60,ff,71,af,08,00,R
1478191030.364026,0440,8,ff,00,00,00,ff,af,08,00,R
1478191030.364262,0350,8,05,20,34,68,73,00,00,0a,R
1478191030.364513,0690,8,00,00,00,00,a0,02,00,00,R
1478191030.364910,0316,8,05,22,70,09,22,20,00,75,R
1478191030.365152,018f,8,fe,3b,00,00,00,3c,00,00,R
1478191030.365384,0260,8,19,22,22,30,ff,8f,70,3e,R
1478191030.365617,02a0,8,60,00,83,1d,96,02,bd,00,R
1478191030.365850,0329,8,dc,b8,7e,14,11,20,00,14,R
1478191030.366088,0545,8,d8,56,00,85,00,00,00,00,R
1478191030.367633,05f0,2,01,00,R,,,,,,
1478191030.367903,02c0,8,15,00,00,00,00,00,00,00,R
1478191030.370867,0002,8,00,00,00,00,00,0a,09,3d,R
1478191030.371101,0153,8,00,21,10,ff,00,ff,00,00,R
1478191030.371809,0130,8,10,80,00,ff,36,80,09,a4,R
1478191030.372045,0131,8,12,80,00,00,37,7f,09,76,R
1478191030.372287,0140,8,00,00,00,00,02,20,29,0e,R
1478191030.373271,043f,8,00,40,60,ff,71,ae,08,00,R
1478191030.373520,0370,8,00,20,00,00,00,00,00,00,R
1478191030.373764,0440,8,ff,00,00,00,ff,ae,08,00,R
1478191030.374125,0350,8,05,20,44,68,73,00,00,7a,R
1478191030.374794,0316,8,05,22,70,09,22,20,00,75,R
1478191030.375034,018f,8,fe,3b,00,00,00,3c,00,00,R
1478191030.375269,0260,8,19,22,22,30,ff,8f,70,0b,R
1478191030.375507,02a0,8,00,00,83,1d,96,02,bd,00,R
1478191030.375739,0329,8,dc,b8,7e,14,11,20,00,14,R
1478191030.375982,04f0,8,00,00,00,80,00,67,d1,13,R
1478191030.376224,0545,8,d8,00,00,85,00,00,00,00,R
1478191030.377906,02c0,8,15,00,00,00,00,00,00,00,R
1478191030.380884,0430,8,00,00,00,00,00,00,00,00,R
1478191030.381126,04b1,8,00,00,00,00,00,00,00,00,R
1478191030.381374,01f1,8,08,00,00,00,00,00,00,00,R
1478191030.381612,0153,8,00,21,10,ff,00,ff,00,00,R
1478191030.381858,0002,8,00,00,00,00,00,0a,0a,1a,R
1478191030.382097,00a0,8,5d,82,70,09,00,1f,02,00,R
1478191030.382339,00a1,8,80,83,00,00,24,00,00,00,R
1478191030.382803,0130,8,11,80,00,ff,45,80,0a,1a,R
1478191030.383047,0131,8,05,80,00,00,39,7f,0a,6f,R
1478191030.383295,0140,8,00,00,00,00,04,00,2a,59,R
1478191030.383544,0370,8,00,20,00,00,00,00,00,00,R
1478191030.383782,043f,8,00,40,60,ff,71,ad,08,00,R
1478191030.384022,0440,8,ff,00,00,00,ff,ad,08,00,R
1478191030.384257,0350,8,05,20,54,68,73,00,00,6a,R
1478191030.384873,0316,8,05,22,70,09,22,20,00,75,R
1478191030.385115,018f,8,fe,3b,00,00,00,3c,00,00,R
1478191030.385347,0260,8,19,22,22,30,ff,8f,70,1c,R
1478191030.385585,02a0,8,20,00,83,1d,96,02,bd,00,R
1478191030.385822,0329,8,0c,b7,7e,14,11,20,00,14,R
1478191030.386063,0545,8,d8,00,00,85,00,00,00,00,R
1478191030.387897,02c0,8,15,00,00,00,00,00,00,00,R
1478191030.390874,0002,8,00,00,00,00,00,00,0b,c5,R
1478191030.391106,0153,8,00,21,10,ff,00,ff,00,00,R
1478191030.391805,0130,8,0f,80,00,ff,3d,80,0b,fb,R
1478191030.392039,0131,8,f7,7f,00,00,2c,7f,0b,f9,R
1478191030.392281,0140,8,00,00,00,00,02,29,2b,22,R
1478191030.393281,043f,8,00,40,60,ff,71,ab,08,00,R
1478191030.393529,0370,8,00,20,00,00,00,00,00,00,R
1478191030.393770,0440,8,ff,00,00,00,ff,ab,08,00,R
1478191030.394174,0350,8,05,20,64,68,72,00,00,5b,R
1478191030.394892,04f0,8,00,00,00,80,00,67,d1,13,R
1478191030.395120,0316,8,05,22,70,09,22,20,00,75,R
1478191030.395362,018f,8,fe,3b,00,00,00,3c,00,00,R
1478191030.395592,0260,8,19,22,22,30,ff,8f,70,2d,R
1478191030.395829,02a0,8,40,00,83,1d,96,02,bd,00,R
1478191030.396066,0329,8,0c,b7,7e,14,11,20,00,14,R
1478191030.396310,0545,8,d8,00,00,84,00,00,00,00,R
1478191030.397879,02c0,8,15,00,00,00,00,00,00,00,R
1478191030.400903,0430,8,00,00,00,00,00,00,00,00,R
1478191030.401146,04b1,8,00,00,00,00,00,00,00,00,R
1478191030.401397,01f1,8,08,00,00,00,00,00,00,00,R
1478191030.401636,0153,8,00,21,10,ff,00,ff,00,00,R
1478191030.401889,0002,8,00,00,00,00,00,00,0c,96,R
1478191030.402811,0130,8,0a,80,00,ff,22,80,0c,02,R
1478191030.403044,0131,8,f2,7f,00,00,19,7f,0c,3f,R
1478191030.403287,0140,8,00,00,00,00,04,25,2c,03,R
1478191030.403539,0370,8,00,20,00,00,00,00,00,00,R
1478191030.403778,043f,8,00,40,60,ff,71,ab,08,00,R
1478191030.404015,0440,8,ff,00,00,00,ff,ab,08,00,R
1478191030.404251,0350,8,05,20,74,68,73,00,00,4a,R
1478191030.404864,0316,8,05,22,70,09,22,20,00,75,R
1478191030.405104,018f,8,fe,3b,00,00,00,3c,00,00,R
1478191030.405337,0260,8,19,22,22,30,ff,8f,70,3e,R
1478191030.405570,02a0,8,60,00,83,1d,96,02,bd,00,R
1478191030.405807,0329,8,0c,b7,7e,14,11,20,00,14,R
1478191030.406057,0545,8,d8,00,00,84,00,00,00,00,R
1478191030.407875,02c0,8,15,00,00,00,00,00,00,00,R
1478191030.410892,0002,8,00,00,00,00,00,00,0d,8b,R
1478191030.411124,0153,8,00,21,10,ff,00,ff,00,00,R
1478191030.411804,0130,8,06,80,00,ff,1c,80,0d,85,R
1478191030.412040,0131,8,ee,7f,00,00,17,7f,0d,29,R
1478191030.412280,0140,8,00,00,00,00,06,26,2d,c9,R
1478191030.413277,043f,8,00,40,60,ff,70,ab,08,00,R
1478191030.413524,0370,8,00,20,00,00,00,00,00,00,R
1478191030.413763,0440,8,ff,00,00,00,ff,ab,08,00,R
1478191030.414101,0350,8,05,20,84,68,73,00,00,ba,R
1478191030.414831,0316,8,05,22,68,09,22,20,00,75,R
1478191030.415071,018f,8,fe,3b,00,00,00,3c,00,00,R
1478191030.415299,0260,8,19,22,22,30,ff,8f,71,0a,R
1478191030.415537,02a0,8,00,00,83,1d,96,02,bd,00,R
1478191030.415774,0329,8,0c,b7,7e,14,11,20,00,14,R
1478191030.416016,04f0,8,00,00,00,80,00,67,d1,13,R
1478191030.416256,0545,8,d8,57,00,85,00,00,00,00,R
1478191030.417629,05f0,2,01,00,R,,,,,,
1478191030.417878,02c0,8,15,00,00,00,00,00,00,00,R
1478191030.420872,0430,8,00,00,00,00,00,00,00,00,R
1478191030.421116,04b1,8,00,00,00,00,00,00,00,00,R
1478191030.421360,01f1,8,08,00,00,00,00,00,00,00,R
1478191030.421601,0153,8,00,21,10,ff,00,ff,00,00,R
1478191030.421848,0002,8,00,00,00,00,00,00,0e,ac,R
1478191030.422808,0130,8,00,80,00,ff,35,80,0e,c2,R
1478191030.423037,0131,8,ee,7f,00,00,25,7f,0e,25,R
1478191030.423278,0140,8,00,00,00,00,08,29,2e,44,R
1478191030.423527,0370,8,00,20,00,00,00,00,00,00,R
1478191030.423766,043f,8,00,40,60,ff,70,ad,08,00,R
1478191030.424006,0440,8,ff,00,00,00,ff,ad,08,00,R
1478191030.424244,0350,8,05,20,94,68,73,00,00,aa,R
1478191030.424807,0316,8,05,22,68,09,22,20,00,75,R
1478191030.425048,018f,8,fe,3b,00,00,00,3c,00,00,R
1478191030.425281,0260,8,19,22,22,30,ff,8f,70,1c,R
1478191030.425519,02a0,8,20,00,83,1d,96,02,bd,00,R
1478191030.425755,0329,8,0c,b7,7e,14,11,20,00,14,R
1478191030.425997,0545,8,d8,00,00,85,00,00,00,00,R
1478191030.427850,02c0,8,15,00,00,00,00,00,00,00,R
1478191030.430857,0002,8,00,00,00,00,00,00,0f,b1,R
1478191030.431088,0153,8,00,21,10,ff,00,ff,00,00,R
1478191030.431814,0130,8,ff,7f,00,ff,49,80,0f,61,R
1478191030.432044,0131,8,fb,7f,00,00,32,7f,0f,27,R
1478191030.432284,0140,8,00,00,00,00,0a,20,2f,4c,R
1478191030.433240,043f,8,00,40,60,ff,70,ae,08,00,R
1478191030.433489,0370,8,00,20,00,00,00,00,00,00,R
1478191030.433733,0440,8,ff,00,00,00,ff,ae,08,00,R
1478191030.434159,0350,8,05,20,a4,68,73,00,00,9a,R
1478191030.435028,04f0,8,00,00,00,80,00,67,d1,13,R
1478191030.435268,018f,8,fe,3b,00,00,00,3c,00,00,R
1478191030.435498,0260,8,19,22,22,30,ff,8f,70,2d,R
1478191030.435734,02a0,8,40,00,83,1d,96,02,bd,00,R
1478191030.435964,0316,8,05,22,68,09,22,20,00,75,R
1478191030.436200,0329,8,0c,b7,7e,14,11,20,00,14,R
1478191030.436443,0545,8,d8,00,00,85,00,00,00,00,R
1478191030.437848,02c0,8,15,00,00,00,00,00,00,00,R
1478191030.440892,0430,8,00,00,00,00,00,00,00,00,R
1478191030.441131,04b1,8,00,00,00,00,00,00,00,00,R
1478191030.441377,01f1,8,08,00,00,00,00,00,00,00,R
1478191030.441616,0153,8,00,21,10,ff,00,ff,00,00,R
1478191030.441867,0002,8,00,00,00,00,00,00,00,0a,R
1478191030.442806,0130,8,03,80,00,ff,3c,80,00,00,R
1478191030.443048,0131,8,0e,80,00,00,33,7f,00,87,R
1478191030.443290,0140,8,00,00,00,00,0c,2f,20,51,R
1478191030.443540,0370,8,00,20,00,00,00,00,00,00,R
1478191030.443782,043f,8,00,40,60,ff,70,ae,08,00,R
1478191030.444026,0440,8,ff,00,00,00,ff,ae,08,00,R
1478191030.444262,0350,8,05,20,b4,68,73,00,00,8a,R
1478191030.444799,0316,8,05,22,68,09,22,20,00,75,R
1478191030.445041,018f,8,fe,3b,00,00,00,3c,00,00,R
1478191030.445273,0260,8,19,22,22,30,ff,8f,70,3e,R
1478191030.445508,02a0,8,60,00,83,1d,96,02,bd,00,R
1478191030.445744,0329,8,0c,b7,7e,14,11,20,00,14,R
1478191030.445988,0545,8,d8,00,00,83,00,00,00,00,R
1478191030.447840,02c0,8,15,00,00,00,00,00,00,00,R
1478191030.450881,0002,8,00,00,00,00,00,00,01,17,R
1478191030.451103,0153,8,00,21,10,ff,00,ff,00,00,R
1478191030.451799,0130,8,05,80,00,ff,1a,80,01,fb,R
1478191030.452036,0131,8,09,80,00,00,2c,7f,01,8a,R
1478191030.452274,0140,8,00,00,00,00,0e,23,21,38,R
1478191030.453237,043f,8,00,40,60,ff,70,ad,08,00,R
1478191030.453487,0370,8,00,20,00,00,00,00,00,00,R
1478191030.453728,0440,8,ff,00,00,00,ff,ad,08,00,R
1478191030.454088,0350,8,05,20,c4,68,73,00,00,fa,R
1478191030.454804,0316,8,05,22,68,09,22,20,00,75,R
1478191030.455049,018f,8,fe,3b,00,00,00,3c,00,00,R
1478191030.455280,0260,8,19,22,22,30,ff,8f,70,0b,R
1478191030.455518,02a0,8,00,00,83,1d,96,02,bd,00,R
1478191030.455754,0329,8,0c,b7,7e,14,11,20,00,14,R
1478191030.455997,04f0,8,00,00,00,80,00,67,d1,13,R
1478191030.456241,0545,8,d8,00,00,83,00,00,00,00,R
1478191030.457828,02c0,8,15,00,00,00,00,00,00,00,R
1478191030.460892,0430,8,00,00,00,00,00,00,00,00,R
1478191030.461131,04b1,8,00,00,00,00,00,00,00,00,R
1478191030.461378,01f1,8,08,00,00,00,00,00,00,00,R
1478191030.461616,0153,8,00,21,10,ff,00,ff,00,00,R
1478191030.461868,0002,8,00,00,00,00,00,00,02,30,R
1478191030.462803,0130,8,05,80,00,ff,05,80,02,42,R
1478191030.463042,0131,8,00,80,00,00,27,7f,02,a2,R
1478191030.463283,0140,8,00,00,00,00,10,0b,22,21,R
1478191030.463532,0370,8,00,20,00,00,00,00,00,00,R
1478191030.463771,043f,8,00,40,60,ff,70,ad,08,00,R
1478191030.464011,0440,8,ff,00,00,00,ff,ad,08,00,R
1478191030.464246,0350,8,05,20,d4,68,73,00,00,ea,R
1478191030.464498,0690,8,00,00,00,00,a0,02,00,00,R
1478191030.464786,0316,8,05,22,70,09,22,20,00,75,R
1478191030.465027,018f,8,fe,3b,00,00,00,3c,00,00,R
1478191030.465260,0260,8,19,22,22,30,ff,8f,70,1c,R
1478191030.465498,02a0,8,20,00,83,1d,96,02,bd,00,R
1478191030.465740,0329,8,40,b7,7e,14,11,20,00,14,R
1478191030.465973,0545,8,d8,56,00,85,00,00,00,00,R
1478191030.467637,05f0,2,01,00,R,,,,,,
1478191030.467883,02c0,8,15,00,00,00,00,00,00,00,R
1478191030.470884,0002,8,00,00,00,00,00,00,03,2d,R
1478191030.471112,0153,8,00,21,10,ff,00,ff,00,00,R
1478191030.471795,0130,8,05,80,00,ff,16,80,03,cb,R
1478191030.472037,0131,8,00,80,00,00,30,7f,03,2d,R
1478191030.472279,0140,8,00,00,00,00,12,25,23,a5,R
1478191030.473242,043f,8,00,40,60,ff,70,ad,08,00,R
1478191030.473492,0370,8,00,20,00,00,00,00,00,00,R
1478191030.473732,0440,8,ff,00,00,00,ff,ad,08,00,R
1478191030.474074,0350,8,05,20,e4,68,72,00,00,db,R
1478191030.474846,0316,8,05,22,70,09,22,20,00,75,R
1478191030.475087,018f,8,fe,3b,00,00,00,3c,00,00,R
1478191030.475317,0260,8,19,22,22,30,ff,8f,70,2d,R
1478191030.475554,02a0,8,40,00,83,1d,96,02,bd,00,R
1478191030.475790,0329,8,40,b7,7e,14,11,20,00,14,R
1478191030.476034,04f0,8,00,00,00,80,00,67,d1,13,R
1478191030.476273,0545,8,d8,00,00,85,00,00,00,00,R
1478191030.477806,02c0,8,15,00,00,00,00,00,00,00,R
1478191030.480898,0430,8,00,00,00,00,00,00,00,00,R
1478191030.481146,04b1,8,00,00,00,00,00,00,00,00,R
1478191030.481394,01f1,8,08,00,00,00,00,00,00,00,R
1478191030.481636,00a0,8,5d,81,70,09,00,1f,02,00,R
1478191030.481878,00a1,8,80,83,00,00,24,00,00,00,R
1478191030.482117,0153,8,00,21,10,ff,00,ff,00,00,R
1478191030.482366,0002,8,00,00,00,00,00,00,04,7e,R
1478191030.482803,0130,8,06,80,00,ff,2e,80,04,5b,R
1478191030.483041,0131,8,05,80,00,00,32,7f,04,49,R
1478191030.483284,0140,8,00,00,00,00,14,20,24,92,R
1478191030.483534,0370,8,00,20,00,00,00,00,00,00,R
1478191030.483776,043f,8,00,40,60,ff,70,ae,08,00,R
1478191030.484020,0440,8,ff,00,00,00,ff,ae,08,00,R
1478191030.484258,0350,8,05,20,f4,68,73,00,00,ca,R
1478191030.484799,0316,8,05,22,70,09,22,20,00,75,R
1478191030.485041,018f,8,fe,3b,00,00,00,3c,00,00,R
1478191030.485273,0260,8,19,22,22,30,ff,8f,70,3e,R
1478191030.485508,02a0,8,60,00,83,1d,96,02,bd,00,R
1478191030.485744,0329,8,40,b7,7e,14,11,20,00,14,R
1478191030.485986,0545,8,d8,00,00,85,00,00,00,00,R
1478191030.487806,02c0,8,15,00,00,00,00,00,00,00,R
1478191030.490889,0002,8,00,00,00,00,00,00,05,63,R
1478191030.491120,0153,8,00,21,10,ff,00,ff,00,00,R
1478191030.491809,0130,8,07,80,00,ff,24,80,05,14,R
1478191030.492049,0131,8,05,80,00,00,24,7f,05,49,R
1478191030.492286,0140,8,00,00,00,00,16,20,25,8c,R
1478191030.493256,043f,8,00,40,60,ff,70,ad,08,00,R
1478191030.493504,0370,8,00,20,00,00,00,00,00,00,R
1478191030.493746,0440,8,ff,00,00,00,ff,ad,08,00,R
1478191030.494072,0350,8,05,20,04,68,73,00,00,3a,R
1478191030.494773,0316,8,05,22,70,09,22,20,00,75,R
1478191030.495012,018f,8,fe,3b,00,00,00,3c,00,00,R
1478191030.495248,0260,8,19,22,22,30,ff,8f,70,0b,R
1478191030.495485,02a0,8,00,00,83,1d,96,02,bd,00,R
1478191030.495721,0329,8,40,b7,7e,14,11,20,00,14,R
1478191030.495965,04f0,8,00,00,00,80,00,67,d1,13,R
1478191030.496205,0545,8,d8,00,00,84,00,00,00,00,R
1478191030.498001,02c0,8,15,00,00,00,00,00,00,00,R
1478191030.500870,0430,8,00,00,00,00,00,00,00,00,R
1478191030.501114,04b1,8,00,00,00,00,00,00,00,00,R
1478191030.501362,01f1,8,08,00,00,00,00,00,00,00,R
1478191030.501599,0153,8,00,21,10,ff,00,ff,00,00,R
1478191030.501850,0002,8,00,00,00,00,00,00,06,44,R
1478191030.502811,0130,8,0b,80,00,ff,fa,7f,06,78,R
1478191030.503048,0131,8,0e,80,00,00,10,7f,06,75,R
1478191030.503295,0140,8,00,00,00,00,18,00,26,d7,R
1478191030.503545,0370,8,00,20,00,00,00,00,00,00,R
1478191030.503783,043f,8,00,40,60,ff,70,ab,08,00,R
1478191030.504023,0440,8,ff,00,00,00,ff,ab,08,00,R
1478191030.504259,0350,8,05,20,14,68,73,00,00,2a,R
1478191030.504758,0316,8,05,22,70,09,22,20,00,75,R
1478191030.505001,018f,8,fe,3b,00,00,00,3c,00,00,R
1478191030.505231,0260,8,19,22,22,30,ff,8f,70,1c,R
1478191030.505470,02a0,8,20,00,83,1d,96,02,bd,00,R
1478191030.505706,0329,8,40,b7,7e,14,11,20,00,14,R
1478191030.505948,0545,8,d8,00,00,84,00,00,00,00,R
1478191030.507982,02c0,8,15,00,00,00,00,00,00,00,R
1478191030.510857,0002,8,00,00,00,00,00,01,07,15,R
1478191030.511089,0153,8,00,21,10,ff,00,ff,00,00,R
1478191030.511801,0130,8,0d,80,00,ff,e6,7f,07,a4,R
1478191030.512041,0131,8,09,80,00,00,0a,7f,07,f1,R
1478191030.512283,0140,8,00,00,00,00,02,20,27,a8,R
1478191030.513243,043f,8,00,40,60,ff,70,aa,08,00,R
1478191030.513492,0370,8,00,20,00,00,00,00,00,00,R
1478191030.513734,0440,8,ff,00,00,00,ff,aa,08,00,R
1478191030.514057,0350,8,05,20,24,68,73,00,00,1a,R
1478191030.514914,04f0,8,00,00,00,80,00,67,d1,13,R
1478191030.515152,018f,8,fe,3b,00,00,00,3c,00,00,R
1478191030.515381,0260,8,19,22,22,30,ff,8f,70,2d,R
1478191030.515617,02a0,8,40,00,83,1d,96,02,bd,00,R
1478191030.515847,0316,8,05,22,68,09,22,20,00,75,R
1478191030.516084,0329,8,40,b7,7e,14,11,20,00,14,R
1478191030.516321,0545,8,d8,56,00,85,00,00,00,00,R
1478191030.517628,05f0,2,01,00,R,,,,,,
1478191030.517952,02c0,8,15,00,00,00,00,00,00,00,R
1478191030.520880,0430,8,00,00,00,00,00,00,00,00,R
1478191030.521127,04b1,8,00,00,00,00,00,00,00,00,R
1478191030.521375,01f1,8,08,00,00,00,00,00,00,00,R
1478191030.521613,0153,8,00,21,10,ff,00,ff,00,00,R
1478191030.521862,0002,8,00,00,00,00,00,01,08,ae,R
1478191030.522810,0130,8,0f,80,00,ff,f5,7f,08,31,R
1478191030.523052,0131,8,09,80,00,00,13,7f,08,d1,R
1478191030.523287,0140,8,00,00,00,00,04,22,28,8e,R
1478191030.523538,0370,8,00,20,00,00,00,00,00,00,R
1478191030.523778,043f,8,00,40,60,ff,70,aa,08,00,R
1478191030.524020,0440,8,ff,00,00,00,ff,aa,08,00,R
1478191030.524259,0350,8,05,20,34,68,73,00,00,0a,R
1478191030.524754,0316,8,05,22,68,09,22,20,00,75,R
1478191030.524996,018f,8,fe,3b,00,00,00,3c,00,00,R
1478191030.525224,0260,8,19,22,22,30,ff,8f,72,3c,R
1478191030.525458,02a0,8,60,00,83,1d,96,02,bd,00,R
1478191030.525695,0329,8,40,b7,7e,14,11,20,00,14,R
1478191030.525940,0545,8,d8,00,00,86,00,00,00,00,R
1478191030.527961,02c0,8,15,00,00,00,00,00,00,00,R
1478191030.530859,0002,8,00,00,00,00,00,01,09,b3,R
1478191030.531092,0153,8,00,21,10,ff,00,ff,00,00,R
1478191030.531796,0130,8,11,80,00,ff,0b,80,09,54,R
1478191030.532032,0131,8,09,80,00,00,19,7f,09,c3,R
1478191030.532272,0140,8,00,00,00,00,06,26,29,bd,R
1478191030.533245,043f,8,00,40,60,ff,70,ad,08,00,R
1478191030.533495,0370,8,00,20,00,00,00,00,00,00,R
1478191030.533738,0440,8,ff,00,00,00,ff,ad,08,00,R
1478191030.534108,0350,8,05,20,44,68,72,00,00,7b,R
1478191030.534766,0316,8,05,22,68,09,22,20,00,75,R
1478191030.535005,018f,8,fe,3b,00,00,00,3c,00,00,R
1478191030.535235,0260,8,19,22,22,30,ff,8f,72,09,R
1478191030.535473,02a0,8,00,00,83,1d,96,02,bd,00,R
1478191030.535710,0329,8,40,b7,7e,14,11,20,00,14,R
1478191030.535952,04f0,8,00,00,00,80,00,67,d1,13,R
1478191030.536193,0545,8,d8,00,00,85,00,00,00,00,R
1478191030.537947,02c0,8,15,00,00,00,00,00,00,00,R
1478191030.540871,0430,8,00,00,00,00,00,00,00,00,R
1478191030.541113,04b1,8,00,00,00,00,00,00,00,00,R
1478191030.541361,01f1,8,08,00,00,00,00,00,00,00,R
1478191030.541599,0153,8,00,21,10,ff,00,ff,00,00,R
1478191030.541846,0002,8,00,00,00,00,00,01,0a,94,R
1478191030.542805,0130,8,13,80,00,ff,0f,80,0a,cf,R
1478191030.543044,0131,8,09,80,00,00,1f,7f,0a,e1,R
1478191030.543289,0140,8,00,00,00,00,08,25,2a,47,R
1478191030.543539,0370,8,00,20,00,00,00,00,00,00,R
1478191030.543779,043f,8,00,40,60,ff,70,b1,08,00,R
1478191030.544022,0440,8,ff,00,00,00,ff,b1,08,00,R
1478191030.544257,0350,8,05,20,54,68,72,00,00,6b,R
1478191030.544722,0316,8,05,22,68,09,22,20,00,75,R
1478191030.544963,018f,8,fe,3b,00,00,00,3c,00,00,R
1478191030.545193,0260,8,19,22,22,30,ff,8f,72,1a,R
1478191030.545431,02a0,8,20,00,83,1d,96,02,bd,00,R
1478191030.545664,0329,8,87,b7,7e,14,11,20,00,14,R
1478191030.545907,0545,8,d8,00,00,84,00,00,00,00,R
1478191030.547944,02c0,8,15,00,00,00,00,00,00,00,R
1478191030.550855,0002,8,00,00,00,00,00,01,0b,89,R
1478191030.551087,0153,8,00,21,10,ff,00,ff,00,00,R
1478191030.551807,0130,8,13,80,00,ff,05,80,0b,dd,R
1478191030.552045,0131,8,00,80,00,00,26,7f,0b,d8,R
1478191030.552291,0140,8,00,00,00,00,0a,20,2b,38,R
1478191030.553248,043f,8,00,40,60,ff,70,af,08,00,R
1478191030.553498,0370,8,00,20,00,00,00,00,00,00,R
1478191030.553740,0440,8,ff,00,00,00,ff,af,08,00,R
1478191030.554051,0350,8,05,20,64,68,72,00,00,5b,R
1478191030.554880,0316,8,05,22,68,09,22,20,00,75,R
1478191030.555116,018f,8,fe,3b,00,00,00,3c,00,00,R
1478191030.555343,0260,8,19,22,22,30,ff,8f,72,2b,R
1478191030.555579,02a0,8,40,00,83,1d,96,02,bd,00,R
1478191030.555811,0329,8,87,b7,7e,14,11,20,00,14,R
1478191030.556053,04f0,8,00,00,00,80,00,67,d1,13,R
1478191030.556295,0545,8,d8,00,00,84,00,00,00,00,R
1478191030.557736,02c0,8,15,00,00,00,00,00,00,00,R
1478191030.560876,0430,8,00,00,00,00,00,00,00,00,R
1478191030.561120,04b1,8,00,00,00,00,00,00,00,00,R
1478191030.561366,01f1,8,08,00,00,00,00,00,00,00,R
1478191030.561605,0153,8,00,21,10,ff,00,ff,00,00,R
1478191030.561851,0002,8,00,00,00,00,00,01,0c,da,R
1478191030.562817,0130,8,11,80,00,ff,08,80,0c,b1,R
1478191030.563036,0131,8,f7,7f,00,00,31,7f,0c,37,R
1478191030.563275,0140,8,00,00,00,00,0c,20,2c,6e,R
1478191030.563525,0370,8,00,20,00,00,00,00,00,00,R
1478191030.563765,043f,8,00,40,60,ff,70,ac,08,00,R
1478191030.564008,0440,8,ff,00,00,00,ff,ac,08,00,R
1478191030.564245,0350,8,05,20,74,68,73,00,00,4a,R
1478191030.564506,0690,8,00,00,00,00,a0,02,00,00,R
1478191030.564736,0316,8,05,22,68,09,22,20,00,75,R
1478191030.564978,018f,8,fe,3b,00,00,00,3c,00,00,R
1478191030.565206,0260,8,19,22,22,30,ff,8f,72,3c,R
1478191030.565441,02a0,8,60,00,83,1d,96,02,bd,00,R
1478191030.565673,0329,8,87,b7,7e,14,11,20,00,14,R
1478191030.565913,0545,8,d8,57,00,85,00,00,00,00,R
1478191030.567724,02c0,8,15,00,00,00,00,00,00,00,R
1478191030.567861,05f0,2,01,00,R,,,,,,
1478191030.570861,0002,8,00,00,00,00,00,01,0d,c7,R
1478191030.571092,0153,8,00,21,10,ff,00,ff,00,00,R
1478191030.571798,0130,8,0f,80,00,ff,22,80,0d,2b,R
1478191030.572028,0131,8,f7,7f,00,00,39,7f,0d,26,R
1478191030.572264,0140,8,00,00,00,00,0e,25,2d,11,R
1478191030.573245,043f,8,00,40,60,ff,70,aa,08,00,R
1478191030.573494,0370,8,00,20,00,00,00,00,00,00,R
1478191030.573737,0440,8,ff,00,00,00,ff,aa,08,00,R
1478191030.574035,0350,8,05,20,84,68,73,00,00,ba,R
1478191030.574695,0316,8,05,22,68,09,22,20,00,75,R
1478191030.574936,018f,8,fe,3b,00,00,00,3c,00,00,R
1478191030.575170,0260,8,19,22,22,30,ff,8f,70,0b,R
1478191030.575408,02a0,8,00,00,83,1d,96,02,bd,00,R
1478191030.575640,0329,8,87,b7,7e,14,11,20,00,14,R
1478191030.575882,04f0,8,00,00,00,80,00,67,d1,13,R
1478191030.576131,0545,8,d8,00,00,85,00,00,00,00,R
1478191030.577721,02c0,8,15,00,00,00,00,00,00,00,R
1478191030.580889,0430,8,00,00,00,00,00,00,00,00,R
1478191030.581127,04b1,8,00,00,00,00,00,00,00,00,R
1478191030.581376,01f1,8,08,00,00,00,00,00,00,00,R
1478191030.581613,00a0,8,5d,81,68,09,00,1f,02,00,R
1478191030.581855,00a1,8,80,83,00,00,24,00,00,00,R
1478191030.582093,0153,8,00,21,10,ff,00,ff,00,00,R
1478191030.582342,0002,8,00,00,00,00,00,01,0e,e0,R
1478191030.582800,0130,8,0a,80,00,ff,41,80,0e,e4,R
1478191030.583034,0131,8,ee,7f,00,00,36,7f,0e,b1,R
1478191030.583276,0140,8,00,00,00,00,10,27,2e,bf,R
1478191030.583526,0370,8,00,20,00,00,00,00,00,00,R
1478191030.583766,043f,8,00,40,60,ff,70,aa,08,00,R
1478191030.584009,0440,8,ff,00,00,00,ff,aa,08,00,R
1478191030.584246,0350,8,05,20,94,68,73,00,00,aa,R
1478191030.584720,0316,8,05,22,68,09,22,20,00,75,R
1478191030.584960,018f,8,fe,3b,00,00,00,3c,00,00,R
1478191030.585191,0260,8,19,22,22,30,ff,8f,70,1c,R
1478191030.585430,02a0,8,20,00,83,1d,96,02,bd,00,R
1478191030.585663,0329,8,87,b7,7e,14,11,20,00,14,R
1478191030.585907,0545,8,d8,00,00,85,00,00,00,00,R
1478191030.587720,02c0,8,15,00,00,00,00,00,00,00,R
1478191030.590877,0002,8,00,00,00,00,00,01,0f,fd,R
1478191030.591106,0153,8,00,21,10,ff,00,ff,00,00,R
1478191030.591797,0130,8,08,80,00,ff,3b,80,0f,04,R
1478191030.592029,0131,8,f2,7f,00,00,29,7f,0f,30,R
1478191030.592269,0140,8,00,00,00,00,12,25,2f,39,R
1478191030.593285,043f,8,00,40,60,ff,70,aa,08,00,R
1478191030.593535,0370,8,00,20,00,00,00,00,00,00,R
1478191030.593778,0440,8,ff,00,00,00,ff,aa,08,00,R
1478191030.594084,0350,8,05,20,a4,68,72,00,00,9b,R
1478191030.594854,0316,8,05,22,68,09,22,20,00,75,R
1478191030.595095,018f,8,fe,3b,00,00,00,3c,00,00,R
